[{"model": "contenttypes.contenttype", "pk": 1, "fields": {"app_label": "admin", "model": "logentry"}}, {"model": "contenttypes.contenttype", "pk": 2, "fields": {"app_label": "auth", "model": "permission"}}, {"model": "contenttypes.contenttype", "pk": 3, "fields": {"app_label": "auth", "model": "group"}}, {"model": "contenttypes.contenttype", "pk": 4, "fields": {"app_label": "auth", "model": "user"}}, {"model": "contenttypes.contenttype", "pk": 5, "fields": {"app_label": "contenttypes", "model": "contenttype"}}, {"model": "contenttypes.contenttype", "pk": 6, "fields": {"app_label": "sessions", "model": "session"}}, {"model": "contenttypes.contenttype", "pk": 7, "fields": {"app_label": "User", "model": "profile"}}, {"model": "contenttypes.contenttype", "pk": 8, "fields": {"app_label": "User", "model": "userextended"}}, {"model": "contenttypes.contenttype", "pk": 9, "fields": {"app_label": "User", "model": "client"}}, {"model": "contenttypes.contenttype", "pk": 10, "fields": {"app_label": "Obrazovanie", "model": "type"}}, {"model": "contenttypes.contenttype", "pk": 11, "fields": {"app_label": "Obrazovanie", "model": "item"}}, {"model": "contenttypes.contenttype", "pk": 12, "fields": {"app_label": "Obrazovanie", "model": "genre"}}, {"model": "contenttypes.contenttype", "pk": 13, "fields": {"app_label": "Obrazovanie", "model": "format"}}, {"model": "contenttypes.contenttype", "pk": 14, "fields": {"app_label": "Obrazovanie", "model": "report"}}, {"model": "contenttypes.contenttype", "pk": 15, "fields": {"app_label": "Obrazovanie", "model": "comment"}}, {"model": "contenttypes.contenttype", "pk": 16, "fields": {"app_label": "Dobro", "model": "dobro"}}, {"model": "sessions.session", "pk": "1vnbuflpm854z3nnxan6yjn7y2f21guw", "fields": {"session_data": "ZDgxMGJiNmFhNWJkZGFkY2UyMDI1OTIzYjRiOGMwZDgwOWQ5OGQ0Nzp7Il9hdXRoX3VzZXJfaWQiOiIyMCIsIl9hdXRoX3VzZXJfYmFja2VuZCI6ImRqYW5nby5jb250cmliLmF1dGguYmFja2VuZHMuTW9kZWxCYWNrZW5kIiwiX2F1dGhfdXNlcl9oYXNoIjoiMGNjZGU3MjU3YjY5YjMzNGVjNDViOTM3ZjY1MWZlZmM0MGQ2ODJlMyJ9", "expire_date": "2020-08-05T06:52:31.961Z"}}, {"model": "sessions.session", "pk": "20kbgsbfwur7wv1i6991y74y27uuhirf", "fields": {"session_data": "ZTY4Yzc5NDQwNGRhMjA0NDAxMmJjZDJjYWQwMTZmOGQ1NGJmZTUyMTp7Il9hdXRoX3VzZXJfaWQiOiIxIiwiX2F1dGhfdXNlcl9iYWNrZW5kIjoiZGphbmdvLmNvbnRyaWIuYXV0aC5iYWNrZW5kcy5Nb2RlbEJhY2tlbmQiLCJfYXV0aF91c2VyX2hhc2giOiI4MTcxNDJlNTcwZWFmMDZhMzJhYWQxODBkMTZlNTY3ZmY5NzUwMjgyIn0=", "expire_date": "2020-09-09T12:23:52.679Z"}}, {"model": "sessions.session", "pk": "32qk30c576qh5moz22ho2xmbyazqk50g", "fields": {"session_data": "ZTY4Yzc5NDQwNGRhMjA0NDAxMmJjZDJjYWQwMTZmOGQ1NGJmZTUyMTp7Il9hdXRoX3VzZXJfaWQiOiIxIiwiX2F1dGhfdXNlcl9iYWNrZW5kIjoiZGphbmdvLmNvbnRyaWIuYXV0aC5iYWNrZW5kcy5Nb2RlbEJhY2tlbmQiLCJfYXV0aF91c2VyX2hhc2giOiI4MTcxNDJlNTcwZWFmMDZhMzJhYWQxODBkMTZlNTY3ZmY5NzUwMjgyIn0=", "expire_date": "2020-10-07T17:52:45.522Z"}}, {"model": "sessions.session", "pk": "5uvbw5r8p0gq0gf6hle6nt0x4wmhjmf3", "fields": {"session_data": "YWI0ZDU5MjJlMTVkYzUwOGNiNzNkMWI5NjQ3ZTZiNjlkNjg0NDU4Zjp7Il9hdXRoX3VzZXJfaWQiOiIyNCIsIl9hdXRoX3VzZXJfYmFja2VuZCI6ImRqYW5nby5jb250cmliLmF1dGguYmFja2VuZHMuTW9kZWxCYWNrZW5kIiwiX2F1dGhfdXNlcl9oYXNoIjoiYjdjNjJjOWFlZGFmNDQzMDJhYWU0MDY3MWRlMTEyMWNlOWRjNjY2NCJ9", "expire_date": "2020-10-24T17:50:58.605Z"}}, {"model": "sessions.session", "pk": "63qj8vq64z3jwqeiwr3010igbv9374mz", "fields": {"session_data": "ZTY4Yzc5NDQwNGRhMjA0NDAxMmJjZDJjYWQwMTZmOGQ1NGJmZTUyMTp7Il9hdXRoX3VzZXJfaWQiOiIxIiwiX2F1dGhfdXNlcl9iYWNrZW5kIjoiZGphbmdvLmNvbnRyaWIuYXV0aC5iYWNrZW5kcy5Nb2RlbEJhY2tlbmQiLCJfYXV0aF91c2VyX2hhc2giOiI4MTcxNDJlNTcwZWFmMDZhMzJhYWQxODBkMTZlNTY3ZmY5NzUwMjgyIn0=", "expire_date": "2021-01-11T07:40:35.733Z"}}, {"model": "sessions.session", "pk": "6t21xmpz3zb4gtz6x75ft784qbulfdaw", "fields": {"session_data": "ZTY4Yzc5NDQwNGRhMjA0NDAxMmJjZDJjYWQwMTZmOGQ1NGJmZTUyMTp7Il9hdXRoX3VzZXJfaWQiOiIxIiwiX2F1dGhfdXNlcl9iYWNrZW5kIjoiZGphbmdvLmNvbnRyaWIuYXV0aC5iYWNrZW5kcy5Nb2RlbEJhY2tlbmQiLCJfYXV0aF91c2VyX2hhc2giOiI4MTcxNDJlNTcwZWFmMDZhMzJhYWQxODBkMTZlNTY3ZmY5NzUwMjgyIn0=", "expire_date": "2020-09-28T11:15:33.308Z"}}, {"model": "sessions.session", "pk": "7ma3iluamxr0d80rrb75yyrmwchzq987", "fields": {"session_data": "ZTY4Yzc5NDQwNGRhMjA0NDAxMmJjZDJjYWQwMTZmOGQ1NGJmZTUyMTp7Il9hdXRoX3VzZXJfaWQiOiIxIiwiX2F1dGhfdXNlcl9iYWNrZW5kIjoiZGphbmdvLmNvbnRyaWIuYXV0aC5iYWNrZW5kcy5Nb2RlbEJhY2tlbmQiLCJfYXV0aF91c2VyX2hhc2giOiI4MTcxNDJlNTcwZWFmMDZhMzJhYWQxODBkMTZlNTY3ZmY5NzUwMjgyIn0=", "expire_date": "2020-11-13T12:26:06.998Z"}}, {"model": "sessions.session", "pk": "8dr6nglhju1r3dmmcwwp07s6blflmj80", "fields": {"session_data": "YWI0ZDU5MjJlMTVkYzUwOGNiNzNkMWI5NjQ3ZTZiNjlkNjg0NDU4Zjp7Il9hdXRoX3VzZXJfaWQiOiIyNCIsIl9hdXRoX3VzZXJfYmFja2VuZCI6ImRqYW5nby5jb250cmliLmF1dGguYmFja2VuZHMuTW9kZWxCYWNrZW5kIiwiX2F1dGhfdXNlcl9oYXNoIjoiYjdjNjJjOWFlZGFmNDQzMDJhYWU0MDY3MWRlMTEyMWNlOWRjNjY2NCJ9", "expire_date": "2020-09-09T16:10:49.058Z"}}, {"model": "sessions.session", "pk": "a3dbf4tu5p748bffwvoivke9fxqz6m9x", "fields": {"session_data": "ZDZiZDI3YmFmYjQ4NmVlYjA0MGE1NzA3Nzc2ZGVkZDY2MWE5ZGNjYjp7Il9hdXRoX3VzZXJfaWQiOiIxOCIsIl9hdXRoX3VzZXJfYmFja2VuZCI6ImRqYW5nby5jb250cmliLmF1dGguYmFja2VuZHMuTW9kZWxCYWNrZW5kIiwiX2F1dGhfdXNlcl9oYXNoIjoiM2I2OGEwMjQ3NTJmZTgwOTBkYzQ1YzM3MTlhNTkwMTQyZGQ0Y2M0MyJ9", "expire_date": "2020-06-27T20:05:16.047Z"}}, {"model": "sessions.session", "pk": "cnk6sjvw80zjl3udyzvuqytqqo1sj87z", "fields": {"session_data": "ZTY4Yzc5NDQwNGRhMjA0NDAxMmJjZDJjYWQwMTZmOGQ1NGJmZTUyMTp7Il9hdXRoX3VzZXJfaWQiOiIxIiwiX2F1dGhfdXNlcl9iYWNrZW5kIjoiZGphbmdvLmNvbnRyaWIuYXV0aC5iYWNrZW5kcy5Nb2RlbEJhY2tlbmQiLCJfYXV0aF91c2VyX2hhc2giOiI4MTcxNDJlNTcwZWFmMDZhMzJhYWQxODBkMTZlNTY3ZmY5NzUwMjgyIn0=", "expire_date": "2020-08-02T07:08:15.365Z"}}, {"model": "sessions.session", "pk": "de6hk188mf7nawqqy1njpyrad91mg8cv", "fields": {"session_data": "ZTY4Yzc5NDQwNGRhMjA0NDAxMmJjZDJjYWQwMTZmOGQ1NGJmZTUyMTp7Il9hdXRoX3VzZXJfaWQiOiIxIiwiX2F1dGhfdXNlcl9iYWNrZW5kIjoiZGphbmdvLmNvbnRyaWIuYXV0aC5iYWNrZW5kcy5Nb2RlbEJhY2tlbmQiLCJfYXV0aF91c2VyX2hhc2giOiI4MTcxNDJlNTcwZWFmMDZhMzJhYWQxODBkMTZlNTY3ZmY5NzUwMjgyIn0=", "expire_date": "2020-10-12T10:48:43.136Z"}}, {"model": "sessions.session", "pk": "eh49zxpp61akn9bp1mr2y2ragca31aio", "fields": {"session_data": "YTkyZDFmY2QwOThkNThjZDU4YjJlODA5NjNiMDkwN2NmN2Y1OGRiNDp7Il9hdXRoX3VzZXJfaWQiOiIxIiwiX2F1dGhfdXNlcl9iYWNrZW5kIjoiZGphbmdvLmNvbnRyaWIuYXV0aC5iYWNrZW5kcy5Nb2RlbEJhY2tlbmQiLCJfYXV0aF91c2VyX2hhc2giOiJmYzVhMDk3NDMzMWQ4ZTIyNWQ4NDZjYThmNTRkMmEzZmM2YTRiMDhlIn0=", "expire_date": "2020-07-04T12:46:15.123Z"}}, {"model": "sessions.session", "pk": "f0gx76qu9a2qzxrcdn0jw63omuf67vno", "fields": {"session_data": "YTkyZDFmY2QwOThkNThjZDU4YjJlODA5NjNiMDkwN2NmN2Y1OGRiNDp7Il9hdXRoX3VzZXJfaWQiOiIxIiwiX2F1dGhfdXNlcl9iYWNrZW5kIjoiZGphbmdvLmNvbnRyaWIuYXV0aC5iYWNrZW5kcy5Nb2RlbEJhY2tlbmQiLCJfYXV0aF91c2VyX2hhc2giOiJmYzVhMDk3NDMzMWQ4ZTIyNWQ4NDZjYThmNTRkMmEzZmM2YTRiMDhlIn0=", "expire_date": "2020-07-04T12:22:46.595Z"}}, {"model": "sessions.session", "pk": "o74ftva85jaiwmu3cg9y3wmbs79uwbit", "fields": {"session_data": "ZTY4Yzc5NDQwNGRhMjA0NDAxMmJjZDJjYWQwMTZmOGQ1NGJmZTUyMTp7Il9hdXRoX3VzZXJfaWQiOiIxIiwiX2F1dGhfdXNlcl9iYWNrZW5kIjoiZGphbmdvLmNvbnRyaWIuYXV0aC5iYWNrZW5kcy5Nb2RlbEJhY2tlbmQiLCJfYXV0aF91c2VyX2hhc2giOiI4MTcxNDJlNTcwZWFmMDZhMzJhYWQxODBkMTZlNTY3ZmY5NzUwMjgyIn0=", "expire_date": "2020-10-08T10:27:33.625Z"}}, {"model": "sessions.session", "pk": "p0wpihyi543fw7ljenlah6m3pj4qn66q", "fields": {"session_data": "YTkyZDFmY2QwOThkNThjZDU4YjJlODA5NjNiMDkwN2NmN2Y1OGRiNDp7Il9hdXRoX3VzZXJfaWQiOiIxIiwiX2F1dGhfdXNlcl9iYWNrZW5kIjoiZGphbmdvLmNvbnRyaWIuYXV0aC5iYWNrZW5kcy5Nb2RlbEJhY2tlbmQiLCJfYXV0aF91c2VyX2hhc2giOiJmYzVhMDk3NDMzMWQ4ZTIyNWQ4NDZjYThmNTRkMmEzZmM2YTRiMDhlIn0=", "expire_date": "2020-07-03T13:04:06.355Z"}}, {"model": "sessions.session", "pk": "priccoxdplfz2bk5jl996gxls4379j67", "fields": {"session_data": "YTkyZDFmY2QwOThkNThjZDU4YjJlODA5NjNiMDkwN2NmN2Y1OGRiNDp7Il9hdXRoX3VzZXJfaWQiOiIxIiwiX2F1dGhfdXNlcl9iYWNrZW5kIjoiZGphbmdvLmNvbnRyaWIuYXV0aC5iYWNrZW5kcy5Nb2RlbEJhY2tlbmQiLCJfYXV0aF91c2VyX2hhc2giOiJmYzVhMDk3NDMzMWQ4ZTIyNWQ4NDZjYThmNTRkMmEzZmM2YTRiMDhlIn0=", "expire_date": "2020-07-15T15:01:31.832Z"}}, {"model": "sessions.session", "pk": "zw7lof1spoh3u6b1fg2mvsug0il46hcm", "fields": {"session_data": "ZTY4Yzc5NDQwNGRhMjA0NDAxMmJjZDJjYWQwMTZmOGQ1NGJmZTUyMTp7Il9hdXRoX3VzZXJfaWQiOiIxIiwiX2F1dGhfdXNlcl9iYWNrZW5kIjoiZGphbmdvLmNvbnRyaWIuYXV0aC5iYWNrZW5kcy5Nb2RlbEJhY2tlbmQiLCJfYXV0aF91c2VyX2hhc2giOiI4MTcxNDJlNTcwZWFmMDZhMzJhYWQxODBkMTZlNTY3ZmY5NzUwMjgyIn0=", "expire_date": "2020-10-10T18:57:38.008Z"}}, {"model": "Dobro.dobro", "pk": 7, "fields": {"investment": 1, "comments": "12"}}, {"model": "Dobro.dobro", "pk": 8, "fields": {"investment": 12, "comments": "s"}}, {"model": "Obrazovanie.type", "pk": 2, "fields": {"name": "\u041f\u043e\u0434\u043a\u0430\u0441\u0442\u044b", "slug": "\u043f\u043e\u0434\u043a\u0430\u0441\u0442\u044b-1592575870"}}, {"model": "Obrazovanie.type", "pk": 3, "fields": {"name": "\u041c\u0430\u0441\u0442\u0435\u0440-\u043a\u043b\u0430\u0441\u0441\u044b", "slug": "\u043c\u0430\u0441\u0442\u0435\u0440-\u043a\u043b\u0430\u0441\u0441\u044b-1592575918"}}, {"model": "Obrazovanie.genre", "pk": 1, "fields": {"name": "\u042d\u043a\u043e\u0444\u0438\u043b\u043e\u0441\u043e\u0444\u0438\u044f", "slug": "\u044d\u043a\u043e\u0444\u0438\u043b\u043e\u0441\u043e\u0444\u0438\u044f-1592681680"}}, {"model": "Obrazovanie.genre", "pk": 2, "fields": {"name": "\u041f\u0443\u0442\u0435\u0448\u0435\u0441\u0442\u0432\u0438\u0435", "slug": "\u043f\u0443\u0442\u0435\u0448\u0435\u0441\u0442\u0432\u0438\u0435-1592681724"}}, {"model": "Obrazovanie.genre", "pk": 3, "fields": {"name": "\u041c\u0438\u043d\u0438\u043c\u0430\u043b\u0438\u0437\u043c", "slug": "\u043c\u0438\u043d\u0438\u043c\u0430\u043b\u0438\u0437\u043c-1592681763"}}, {"model": "Obrazovanie.genre", "pk": 4, "fields": {"name": "\u0422\u0432\u043e\u0440\u0447\u0435\u0441\u0442\u0432\u043e", "slug": "\u0442\u0432\u043e\u0440\u0447\u0435\u0441\u0442\u0432\u043e-1592681778"}}, {"model": "Obrazovanie.genre", "pk": 5, "fields": {"name": "\u041f\u043e\u043b\u043e\u0432\u043e\u0435 \u0432\u043e\u0441\u043f\u0438\u0442\u0430\u043d\u0438\u0435", "slug": "\u043f\u043e\u043b\u043e\u0432\u043e\u0435-\u0432\u043e\u0441\u043f\u0438\u0442\u0430\u043d\u0438\u0435-1592681787"}}, {"model": "Obrazovanie.genre", "pk": 7, "fields": {"name": "\u0424\u0438\u043d-\u0433\u0440\u0430\u043c\u043e\u0442\u043d\u043e\u0441\u0442\u044c", "slug": "\u0444\u0438\u043d-\u0433\u0440\u0430\u043c\u043e\u0442\u043d\u043e\u0441\u0442\u044c-1608925986"}}, {"model": "Obrazovanie.genre", "pk": 8, "fields": {"name": "\u041c\u0435\u043d\u0442\u0430\u043b\u044c\u043d\u043e\u0435 \u0437\u0434\u043e\u0440\u043e\u0432\u044c\u0435", "slug": "\u043c\u0435\u043d\u0442\u0430\u043b\u044c\u043d\u043e\u0435-\u0437\u0434\u043e\u0440\u043e\u0432\u044c\u0435-1608926588"}}, {"model": "Obrazovanie.format", "pk": 1, "fields": {"name": "\u0421\u043c\u043e\u0442\u0440\u0435\u0442\u044c"}}, {"model": "Obrazovanie.format", "pk": 2, "fields": {"name": "\u0427\u0438\u0442\u0430\u0442\u044c"}}, {"model": "Obrazovanie.item", "pk": 1, "fields": {"type": 2, "format": 1, "name": "\u041a\u0430\u043a \u0431\u044b\u0442\u044c \u044d\u043a\u043e-\u0444\u0440\u0435\u043d\u0434\u043b\u0438?", "number_of_item": 1, "guest": "\u0410\u043c\u0430\u043d\u0436\u043e\u043b \u0410\u0437\u0430\u0442", "image": "item-image/podcast_2_KhHVm3r.jpg", "genre": 1, "podcast": "item-podcast/6884807-44100-2-a131dec067776.mp3", "description_video": "Lorem ipsum dolor sit amet, consectetur adipiscing elit. Nullam viverra venenatis sem, ut bibendum quam porttitor scelerisque. Proin eu lorem libero. Quisque bibendum ultrices maximus. Nunc eleifend egestas tempor. Vestibulum ut maximus risus. Aliquam erat volutpat. Proin euismod nisl eget tortor porta, in imperdiet ante placerat. Sed in lacus a velit luctus auctor volutpat eget lacus.", "created_date": "2020-06-21T12:19:42Z", "leading": "\u0410\u043b\u0434\u0438\u044f\u0440 \u0416\u0430\u043f\u0430\u0440\u0445\u0430\u043d\u043e\u0432", "views": 126, "clip": "https://www.youtube.com/watch?v=dyUEhpYGysU"}}, {"model": "Obrazovanie.item", "pk": 2, "fields": {"type": 2, "format": 1, "name": "\u0422\u0432\u043e\u0440\u0447\u0435\u0441\u0442\u0432\u043e \u0432 \u041a\u0430\u0437\u0430\u0445\u0441\u0442\u0430\u043d\u0435", "number_of_item": 2, "guest": "\u0428\u0430\u043a\u0430\u0440\u0438\u043c \u0411\u0438\u0440\u0436\u0430\u043d", "image": "item-image/art_1.jpg", "genre": 4, "podcast": "item-podcast/_Kafedra_Pop-art__chto_eto_takoe_i_byl_li_on_210517.mp3", "description_video": "", "created_date": "2020-06-21T12:19:42Z", "leading": "", "views": 3, "clip": "https://www.youtube.com/watch?v=V8XsbtoGKtg"}}, {"model": "Obrazovanie.item", "pk": 3, "fields": {"type": 3, "format": 1, "name": "\u0414\u0435\u043b\u0430\u0435\u043c \u044d\u043a\u043e-\u0441\u0443\u043c\u043a\u0438 \u0441\u0430\u043c\u0438", "number_of_item": 1, "guest": "\u0421\u0430\u0434\u0443\u0430\u0445\u0430\u0441 \u0416\u0438\u0431\u0435\u043a", "image": "item-image/bag_2.jpg", "genre": 1, "podcast": "Please upload video", "description_video": "", "created_date": "2020-06-21T12:19:42Z", "leading": "", "views": 1, "clip": "https://www.youtube.com/watch?v=zjHGzqwya2s"}}, {"model": "Obrazovanie.item", "pk": 4, "fields": {"type": 3, "format": 1, "name": "\u0424\u043e\u0442\u043e\u0433\u0440\u0430\u0444\u0438\u0440\u0443\u0435\u043c \u043d\u0430 \u0442\u0435\u043b\u0435\u0444\u043e\u043d", "number_of_item": 2, "guest": "\u041a\u044b\u0440\u0430\u043d \u0422\u0430\u043b\u0430\u043f\u0431\u0435\u043a", "image": "item-image/ph_1.jpg", "genre": 4, "podcast": "Please upload video", "description_video": "", "created_date": "2020-06-21T12:19:42Z", "leading": "", "views": 1, "clip": "https://www.youtube.com/watch?v=9Nse9IKn3So"}}, {"model": "Obrazovanie.item", "pk": 5, "fields": {"type": 3, "format": 1, "name": "\u0421\u0442\u0430\u043d\u044c \u043c\u0438\u043d\u0438\u043c\u0430\u043b\u0438\u0441\u0442\u043e\u043c", "number_of_item": 3, "guest": "\u041c\u0438\u043d\u0438\u043c\u0430\u043b\u0438\u0441\u0442", "image": "item-image/m.jpg", "genre": 3, "podcast": "Please upload video", "description_video": "", "created_date": "2020-06-21T12:19:42Z", "leading": "", "views": 1, "clip": "https://www.youtube.com/watch?v=dQY4syI-QzA"}}, {"model": "Obrazovanie.item", "pk": 6, "fields": {"type": 3, "format": 1, "name": "\u041f\u043e\u043b\u043e\u0432\u043e\u0435 \u0432\u043e\u0441\u043f\u0438\u0442\u0430\u043d\u0438\u0435 \u0432\u0430\u0436\u043d\u043e", "number_of_item": 4, "guest": "Secret", "image": "item-image/polo.jpg", "genre": 5, "podcast": "Please upload video", "description_video": "\u041f\u043e\u043b\u043e\u0432\u043e\u0435 \u0432\u043e\u0441\u043f\u0438\u0442\u0430\u043d\u0438\u0435 \u2014 \u044d\u0442\u043e \u043e\u0434\u0438\u043d \u0438\u0437 \u043a\u043e\u043c\u043f\u043e\u043d\u0435\u043d\u0442\u043e\u0432 \u043e\u0431\u0449\u0435\u0433\u043e \u0432\u043e\u0441\u043f\u0438\u0442\u0430\u043d\u0438\u044f \u0440\u0435\u0431\u0435\u043d\u043a\u0430, \u043e\u0441\u0443\u0449\u0435\u0441\u0442\u0432\u043b\u044f\u0435\u043c\u043e\u0433\u043e \u043a\u0430\u043a \u0440\u043e\u0434\u0438\u0442\u0435\u043b\u044f\u043c\u0438, \u0442\u0430\u043a \u0438 \u0443\u0447\u0438\u0442\u0435\u043b\u044f\u043c\u0438, \u0438 \u043c\u0435\u0434\u0438\u0446\u0438\u043d\u0441\u043a\u0438\u043c\u0438 \u0440\u0430\u0431\u043e\u0442\u043d\u0438\u043a\u0430\u043c\u0438. \u041e\u043d\u043e \u0432\u043a\u043b\u044e\u0447\u0430\u0435\u0442 \u0432 \u0441\u0435\u0431\u044f \u0437\u043d\u0430\u043a\u043e\u043c\u0441\u0442\u0432\u043e \u0440\u0435\u0431\u0435\u043d\u043a\u0430 \u0441\u043e \u0441\u0442\u0440\u043e\u0435\u043d\u0438\u0435\u043c \u0447\u0435\u043b\u043e\u0432\u0435\u0447\u0435\u0441\u043a\u043e\u0433\u043e \u0442\u0435\u043b\u0430, \u043e\u0441\u043e\u0431\u0435\u043d\u043d\u043e\u0441\u0442\u044f\u043c\u0438 \u0436\u0435\u043d\u0441\u043a\u043e\u0433\u043e \u0438 \u043c\u0443\u0436\u0441\u043a\u043e\u0433\u043e \u043e\u0440\u0433\u0430\u043d\u0438\u0437\u043c\u0430, \u0430\u043d\u0430\u0442\u043e\u043c\u043e-\u0444\u0438\u0437\u0438\u043e\u043b\u043e\u0433\u0438\u0447\u0435\u0441\u043a\u0438\u043c\u0438 \u0440\u0430\u0437\u043b\u0438\u0447\u0438\u044f\u043c\u0438 \u043f\u043e\u043b\u043e\u0432. \u0412\u0430\u0436\u043d\u043e, \u0447\u0442\u043e\u0431\u044b \u043e\u043d\u043e \u043f\u0440\u043e\u0438\u0441\u0445\u043e\u0434\u0438\u043b\u043e \u0433\u0430\u0440\u043c\u043e\u043d\u0438\u0447\u043d\u043e, \u043f\u043b\u0430\u043d\u043e\u043c\u0435\u0440\u043d\u043e, \u0441 \u0443\u0447\u0435\u0442\u043e\u043c \u043f\u043e\u043b\u0430, \u0438\u043d\u0434\u0438\u0432\u0438\u0434\u0443\u0430\u043b\u044c\u043d\u044b\u0445 \u0438 \u0432\u043e\u0437\u0440\u0430\u0441\u0442\u043d\u044b\u0445 \u043e\u0441\u043e\u0431\u0435\u043d\u043d\u043e\u0441\u0442\u0435\u0439 \u0440\u0435\u0431\u0435\u043d\u043a\u0430.", "created_date": "2020-06-21T12:19:42Z", "leading": "\u0410\u0441\u043a\u0430\u0440 \u0418\u043b\u044c\u044f\u0441\u043e\u0432", "views": 1, "clip": "https://www.youtube.com/watch?v=zg4hIIiPsy8"}}, {"model": "Obrazovanie.item", "pk": 9, "fields": {"type": 2, "format": 1, "name": "\u041a\u0430\u043a \u0441\u043e\u0437\u0434\u0430\u0442\u044c \u0441\u0442\u0430\u0440\u0442\u0430\u043f \u0432 \u041a\u0430\u0437\u0430\u0445\u0441\u0442\u0430\u043d\u0435?", "number_of_item": 3, "guest": "\u0411\u0430\u0443\u044b\u0440\u0436\u0430\u043d \u0410\u0432\u0433\u0443\u0441\u0442\u043e\u0432", "image": "item-image/1.jpg", "genre": 7, "podcast": "item-podcast/_018F_0O.mp3", "description_video": "", "created_date": "2020-12-25T19:53:26Z", "leading": "\u0411\u0435\u043a\u0437\u0430\u0442 \u0410\u0431\u0438\u043b\u043a\u0430\u0441\u0438\u043c\u043e\u0432", "views": 6, "clip": "https://www.youtube.com/watch?v=jwP1HRmDVII&list=RDjwP1HRmDVII&start_radio=1"}}, {"model": "Obrazovanie.item", "pk": 10, "fields": {"type": 3, "format": 1, "name": "\u041f\u043e\u0438\u0441\u043a \u043c\u043e\u0442\u0438\u0432\u0430\u0446\u0438\u0438", "number_of_item": 5, "guest": "\u0411\u0435\u043a\u0435\u0442 \u0421\u0430\u043c\u0430\u043b\u04b1\u043b\u044b", "image": "item-image/2_1.jpg", "genre": 8, "podcast": "item-podcast/0_0E24_0AB.mp3", "description_video": "", "created_date": "2020-12-25T20:03:17Z", "leading": "\u041c\u0430\u0434\u0438 \u0411\u0438\u043a\u0430\u043c\u0430\u043b\u043e\u0432", "views": 0, "clip": "https://www.youtube.com/watch?v=or3U2rXxvQw&list=RDor3U2rXxvQw&start_radio=1"}}, {"model": "Obrazovanie.item", "pk": 11, "fields": {"type": 2, "format": 1, "name": "\u041a\u0430\u043a \u043d\u0430\u0447\u0430\u0442\u044c \u043f\u0443\u0442\u0435\u0448\u0435\u0441\u0442\u0432\u043e\u0432\u0430\u0442\u044c?", "number_of_item": 4, "guest": "\u0410\u0440\u0442\u0435\u043c\u0438 \u041b\u0435\u0431\u0435\u0434\u0435\u0432", "image": "item-image/4_1.jpg", "genre": 2, "podcast": "item-podcast/_143__.mp3", "description_video": "", "created_date": "2020-12-25T20:50:13Z", "leading": "\u0421\u0430\u044f\u0442 \u0410\u043c\u0430\u043d\u0436\u043e\u043b", "views": 0, "clip": "https://www.youtube.com/watch?v=or3U2rXxvQw&list=RDor3U2rXxvQw&start_radio=1"}}, {"model": "auth.permission", "pk": 1, "fields": {"name": "Can add log entry", "content_type": 1, "codename": "add_logentry"}}, {"model": "auth.permission", "pk": 2, "fields": {"name": "Can change log entry", "content_type": 1, "codename": "change_logentry"}}, {"model": "auth.permission", "pk": 3, "fields": {"name": "Can delete log entry", "content_type": 1, "codename": "delete_logentry"}}, {"model": "auth.permission", "pk": 4, "fields": {"name": "Can view log entry", "content_type": 1, "codename": "view_logentry"}}, {"model": "auth.permission", "pk": 5, "fields": {"name": "Can add permission", "content_type": 2, "codename": "add_permission"}}, {"model": "auth.permission", "pk": 6, "fields": {"name": "Can change permission", "content_type": 2, "codename": "change_permission"}}, {"model": "auth.permission", "pk": 7, "fields": {"name": "Can delete permission", "content_type": 2, "codename": "delete_permission"}}, {"model": "auth.permission", "pk": 8, "fields": {"name": "Can view permission", "content_type": 2, "codename": "view_permission"}}, {"model": "auth.permission", "pk": 9, "fields": {"name": "Can add group", "content_type": 3, "codename": "add_group"}}, {"model": "auth.permission", "pk": 10, "fields": {"name": "Can change group", "content_type": 3, "codename": "change_group"}}, {"model": "auth.permission", "pk": 11, "fields": {"name": "Can delete group", "content_type": 3, "codename": "delete_group"}}, {"model": "auth.permission", "pk": 12, "fields": {"name": "Can view group", "content_type": 3, "codename": "view_group"}}, {"model": "auth.permission", "pk": 13, "fields": {"name": "Can add user", "content_type": 4, "codename": "add_user"}}, {"model": "auth.permission", "pk": 14, "fields": {"name": "Can change user", "content_type": 4, "codename": "change_user"}}, {"model": "auth.permission", "pk": 15, "fields": {"name": "Can delete user", "content_type": 4, "codename": "delete_user"}}, {"model": "auth.permission", "pk": 16, "fields": {"name": "Can view user", "content_type": 4, "codename": "view_user"}}, {"model": "auth.permission", "pk": 17, "fields": {"name": "Can add content type", "content_type": 5, "codename": "add_contenttype"}}, {"model": "auth.permission", "pk": 18, "fields": {"name": "Can change content type", "content_type": 5, "codename": "change_contenttype"}}, {"model": "auth.permission", "pk": 19, "fields": {"name": "Can delete content type", "content_type": 5, "codename": "delete_contenttype"}}, {"model": "auth.permission", "pk": 20, "fields": {"name": "Can view content type", "content_type": 5, "codename": "view_contenttype"}}, {"model": "auth.permission", "pk": 21, "fields": {"name": "Can add session", "content_type": 6, "codename": "add_session"}}, {"model": "auth.permission", "pk": 22, "fields": {"name": "Can change session", "content_type": 6, "codename": "change_session"}}, {"model": "auth.permission", "pk": 23, "fields": {"name": "Can delete session", "content_type": 6, "codename": "delete_session"}}, {"model": "auth.permission", "pk": 24, "fields": {"name": "Can view session", "content_type": 6, "codename": "view_session"}}, {"model": "auth.permission", "pk": 25, "fields": {"name": "Can add profile", "content_type": 7, "codename": "add_profile"}}, {"model": "auth.permission", "pk": 26, "fields": {"name": "Can change profile", "content_type": 7, "codename": "change_profile"}}, {"model": "auth.permission", "pk": 27, "fields": {"name": "Can delete profile", "content_type": 7, "codename": "delete_profile"}}, {"model": "auth.permission", "pk": 28, "fields": {"name": "Can view profile", "content_type": 7, "codename": "view_profile"}}, {"model": "auth.permission", "pk": 29, "fields": {"name": "Can add user extended", "content_type": 8, "codename": "add_userextended"}}, {"model": "auth.permission", "pk": 30, "fields": {"name": "Can change user extended", "content_type": 8, "codename": "change_userextended"}}, {"model": "auth.permission", "pk": 31, "fields": {"name": "Can delete user extended", "content_type": 8, "codename": "delete_userextended"}}, {"model": "auth.permission", "pk": 32, "fields": {"name": "Can view user extended", "content_type": 8, "codename": "view_userextended"}}, {"model": "auth.permission", "pk": 33, "fields": {"name": "Can add client", "content_type": 9, "codename": "add_client"}}, {"model": "auth.permission", "pk": 34, "fields": {"name": "Can change client", "content_type": 9, "codename": "change_client"}}, {"model": "auth.permission", "pk": 35, "fields": {"name": "Can delete client", "content_type": 9, "codename": "delete_client"}}, {"model": "auth.permission", "pk": 36, "fields": {"name": "Can view client", "content_type": 9, "codename": "view_client"}}, {"model": "auth.permission", "pk": 37, "fields": {"name": "Can add type", "content_type": 10, "codename": "add_type"}}, {"model": "auth.permission", "pk": 38, "fields": {"name": "Can change type", "content_type": 10, "codename": "change_type"}}, {"model": "auth.permission", "pk": 39, "fields": {"name": "Can delete type", "content_type": 10, "codename": "delete_type"}}, {"model": "auth.permission", "pk": 40, "fields": {"name": "Can view type", "content_type": 10, "codename": "view_type"}}, {"model": "auth.permission", "pk": 41, "fields": {"name": "Can add item", "content_type": 11, "codename": "add_item"}}, {"model": "auth.permission", "pk": 42, "fields": {"name": "Can change item", "content_type": 11, "codename": "change_item"}}, {"model": "auth.permission", "pk": 43, "fields": {"name": "Can delete item", "content_type": 11, "codename": "delete_item"}}, {"model": "auth.permission", "pk": 44, "fields": {"name": "Can view item", "content_type": 11, "codename": "view_item"}}, {"model": "auth.permission", "pk": 45, "fields": {"name": "Can add genre", "content_type": 12, "codename": "add_genre"}}, {"model": "auth.permission", "pk": 46, "fields": {"name": "Can change genre", "content_type": 12, "codename": "change_genre"}}, {"model": "auth.permission", "pk": 47, "fields": {"name": "Can delete genre", "content_type": 12, "codename": "delete_genre"}}, {"model": "auth.permission", "pk": 48, "fields": {"name": "Can view genre", "content_type": 12, "codename": "view_genre"}}, {"model": "auth.permission", "pk": 49, "fields": {"name": "Can add format", "content_type": 13, "codename": "add_format"}}, {"model": "auth.permission", "pk": 50, "fields": {"name": "Can change format", "content_type": 13, "codename": "change_format"}}, {"model": "auth.permission", "pk": 51, "fields": {"name": "Can delete format", "content_type": 13, "codename": "delete_format"}}, {"model": "auth.permission", "pk": 52, "fields": {"name": "Can view format", "content_type": 13, "codename": "view_format"}}, {"model": "auth.permission", "pk": 53, "fields": {"name": "Can add report", "content_type": 14, "codename": "add_report"}}, {"model": "auth.permission", "pk": 54, "fields": {"name": "Can change report", "content_type": 14, "codename": "change_report"}}, {"model": "auth.permission", "pk": 55, "fields": {"name": "Can delete report", "content_type": 14, "codename": "delete_report"}}, {"model": "auth.permission", "pk": 56, "fields": {"name": "Can view report", "content_type": 14, "codename": "view_report"}}, {"model": "auth.permission", "pk": 57, "fields": {"name": "Can add comments", "content_type": 15, "codename": "add_comments"}}, {"model": "auth.permission", "pk": 58, "fields": {"name": "Can change comments", "content_type": 15, "codename": "change_comments"}}, {"model": "auth.permission", "pk": 59, "fields": {"name": "Can delete comments", "content_type": 15, "codename": "delete_comments"}}, {"model": "auth.permission", "pk": 60, "fields": {"name": "Can view comments", "content_type": 15, "codename": "view_comments"}}, {"model": "auth.permission", "pk": 61, "fields": {"name": "Can add comment", "content_type": 15, "codename": "add_comment"}}, {"model": "auth.permission", "pk": 62, "fields": {"name": "Can change comment", "content_type": 15, "codename": "change_comment"}}, {"model": "auth.permission", "pk": 63, "fields": {"name": "Can delete comment", "content_type": 15, "codename": "delete_comment"}}, {"model": "auth.permission", "pk": 64, "fields": {"name": "Can view comment", "content_type": 15, "codename": "view_comment"}}, {"model": "auth.permission", "pk": 65, "fields": {"name": "Can add dobro", "content_type": 16, "codename": "add_dobro"}}, {"model": "auth.permission", "pk": 66, "fields": {"name": "Can change dobro", "content_type": 16, "codename": "change_dobro"}}, {"model": "auth.permission", "pk": 67, "fields": {"name": "Can delete dobro", "content_type": 16, "codename": "delete_dobro"}}, {"model": "auth.permission", "pk": 68, "fields": {"name": "Can view dobro", "content_type": 16, "codename": "view_dobro"}}, {"model": "auth.user", "pk": 1, "fields": {"password": "pbkdf2_sha256$180000$BYgAdh8bdPHW$UlyIkqITQHb9STYyMmlYq3QKR7uEexQVUXXJnbeVDs0=", "last_login": "2020-12-28T07:40:35.725Z", "is_superuser": true, "username": "Admin", "first_name": "", "last_name": "", "email": "admin_12@gmail.com", "is_staff": true, "is_active": true, "date_joined": "2020-06-11T20:32:43.942Z", "groups": [], "user_permissions": []}}, {"model": "auth.user", "pk": 10, "fields": {"password": "pbkdf2_sha256$180000$noeAtXgRIW71$GDUb3CtWn8ZiYT8s8vQKk83fCksCyngrNA450yd3gfI=", "last_login": "2020-09-26T17:30:28.844Z", "is_superuser": false, "username": "j1begim", "first_name": "Jibek", "last_name": "Saduakhas", "email": "jibka_01.18@mail.ru", "is_staff": false, "is_active": true, "date_joined": "2020-06-12T09:20:02.062Z", "groups": [], "user_permissions": []}}, {"model": "auth.user", "pk": 20, "fields": {"password": "pbkdf2_sha256$180000$U1dcsXKjC6M8$XphFX4o1Yu5JbhmBn2x54UOjEX4/S6IjmaEHEUNch2Y=", "last_login": "2020-07-22T06:52:31.956Z", "is_superuser": false, "username": "Report", "first_name": "", "last_name": "", "email": "", "is_staff": true, "is_active": true, "date_joined": "2020-07-04T14:28:10Z", "groups": [], "user_permissions": [61, 57, 62, 58, 63, 59, 64, 60, 45, 46, 47, 48, 53, 54, 55, 56]}}, {"model": "auth.user", "pk": 22, "fields": {"password": "pbkdf2_sha256$180000$BAG0JkweRIGc$OD58yVCzgUc3gj9xcjFkKC3gKQ/v+plnn7JSMdKIeEc=", "last_login": "2020-07-19T07:07:56.528Z", "is_superuser": false, "username": "Dobro", "first_name": "", "last_name": "", "email": "admin_12@gmail.com", "is_staff": true, "is_active": true, "date_joined": "2020-07-08T13:52:37Z", "groups": [], "user_permissions": [65, 66, 67, 68, 25, 26, 27, 28]}}, {"model": "auth.user", "pk": 23, "fields": {"password": "pbkdf2_sha256$180000$gbtpTFooIfDJ$kc7QxIyQV3BAV2SUY+KK2GUwiDd9Ntqorp5kdP3VdCU=", "last_login": "2020-07-19T07:07:06.620Z", "is_superuser": false, "username": "Video", "first_name": "", "last_name": "", "email": "admin_12@gmail.com", "is_staff": true, "is_active": true, "date_joined": "2020-07-08T14:00:46Z", "groups": [], "user_permissions": [41, 42, 43, 44, 37, 38, 39, 40]}}, {"model": "auth.user", "pk": 24, "fields": {"password": "pbkdf2_sha256$180000$8ycASFk4MKys$LyJn/5VkjQV/A7PRRewxtGP6/UuMOiAXeagHULXJ0XU=", "last_login": "2020-12-27T16:33:51.844Z", "is_superuser": false, "username": "azatnt", "first_name": "Azat", "last_name": "Amanzhol", "email": "azat_11.99@mail.ru", "is_staff": false, "is_active": true, "date_joined": "2020-07-11T13:35:09.742Z", "groups": [], "user_permissions": []}}, {"model": "auth.user", "pk": 26, "fields": {"password": "pbkdf2_sha256$180000$htYXFufr8HZy$59HYADQZzCcGzBipWPVa1YLaA3kzOC7yLRivut+hpZg=", "last_login": "2020-07-19T07:02:27.287Z", "is_superuser": false, "username": "Sayanx", "first_name": "Sayat", "last_name": "Bikamalov", "email": "sayat_11.08@mail.ru", "is_staff": false, "is_active": true, "date_joined": "2020-07-19T07:02:23.035Z", "groups": [], "user_permissions": []}}, {"model": "User.profile", "pk": 2, "fields": {"user": 1, "images": "profile/graduate6.jpg", "city": "Almaty", "phone": "87477674747", "age": 21, "comments": "Great"}}, {"model": "User.profile", "pk": 6, "fields": {"user": 10, "images": "user-profile-image/WhatsApp_Image_2019-10-06_at_1.40.09_PM.jpeg", "city": "Almaty", "phone": "8747-248-10-30", "age": 19, "comments": null}}, {"model": "User.profile", "pk": 15, "fields": {"user": 20, "images": "garysh.jpg", "city": null, "phone": null, "age": null, "comments": null}}, {"model": "User.profile", "pk": 16, "fields": {"user": 23, "images": "garysh.jpg", "city": null, "phone": null, "age": null, "comments": null}}, {"model": "User.profile", "pk": 17, "fields": {"user": 24, "images": "user-profile-image/graduate1.jpeg", "city": "Uralsk", "phone": "+7 (747) 767-47-47", "age": 21, "comments": null}}, {"model": "User.profile", "pk": 18, "fields": {"user": 22, "images": "garysh.jpg", "city": null, "phone": null, "age": null, "comments": "2"}}, {"model": "User.profile", "pk": 19, "fields": {"user": 26, "images": "user-profile-image/WhatsApp_Image_2020-06-25_at_8.41.09_PM.jpeg", "city": "Aktobe", "phone": "87472801030", "age": 18, "comments": null}}, {"model": "Obrazovanie.report", "pk": 5, "fields": {"author": 10, "title": "\u041a\u0430\u043a \u043f\u0435\u0440\u0435\u0434\u0435\u043b\u0430\u0442\u044c \u0441\u0432\u043e\u044e \u043a\u043e\u043c\u043d\u0430\u0442\u0443?", "image": "report-image/room.jpg", "header": "", "genre": 5, "body": "Lorem ipsum dolor sit amet, consectetur adipiscing elit. Fusce justo nibh, accumsan sit amet elit vel, convallis facilisis massa. Ut fermentum lacus eu orci placerat condimentum. Maecenas lacinia, magna nec aliquet gravida, velit purus ultrices lacus, ut condimentum est odio at risus. Donec interdum dolor sit amet sapien pharetra vulputate. Vestibulum bibendum nibh vel orci lobortis malesuada et sit amet tortor. Nunc sit amet sem vitae ex euismod interdum. Phasellus ac neque eu quam pellentesque tincidunt. Praesent in nibh a dui posuere finibus.\r\n\r\nPhasellus vehicula rutrum finibus. Nam egestas, tortor id sollicitudin facilisis, lacus est euismod justo, vel consectetur felis est vel nunc. Mauris mattis vitae ipsum et cursus. Sed ante purus, lacinia at laoreet et, convallis non elit. In nunc metus, egestas quis rhoncus ut, malesuada eu lorem. Vivamus bibendum quam nibh. Vivamus ornare nunc at neque condimentum feugiat. Nullam ac justo elit. Praesent tempus lacus sed pharetra bibendum. Etiam faucibus velit quis molestie iaculis. Praesent lobortis pretium tincidunt. Etiam in nunc id ligula fringilla luctus.\r\n\r\nMorbi sem dolor, maximus at felis eu, fringilla maximus orci. Proin in tortor pharetra, finibus sapien nec, egestas metus. Curabitur ut ullamcorper lectus. Duis vel mollis nisl. Aenean rhoncus nunc nec felis porttitor, eu facilisis lacus cursus. Mauris in fringilla erat. Suspendisse potenti. Aliquam volutpat eros ligula, ac commodo eros vehicula vitae.\r\n\r\nPellentesque sapien felis, malesuada vel dolor in, tincidunt gravida neque. Sed accumsan diam elit, viverra malesuada neque sagittis id. Nunc nec tempus mauris. Ut ultricies urna sit amet turpis porta, ac iaculis justo imperdiet. Pellentesque at nulla aliquam, finibus enim in, venenatis metus. Curabitur sed tincidunt dui. Nulla sollicitudin nibh non mattis fringilla. Fusce lacinia purus a orci consequat vehicula sed eget odio. Pellentesque eget orci non orci gravida tempus. Vivamus euismod sem nulla, non volutpat nisl tempus quis. Fusce at erat ac erat tincidunt faucibus.", "wrote_date": "2020-07-01T10:07:28Z", "moderation": true, "likes": [1, 20, 24], "favourite": [20]}}, {"model": "Obrazovanie.report", "pk": 8, "fields": {"author": 1, "title": "\u041a\u0430\u043a \u043d\u0430\u0439\u0442\u0438 \u043f\u0440\u0430\u0432\u0438\u043b\u044c\u043d\u044b\u0445 \u0434\u0440\u0443\u0437\u0435\u0439?", "image": "report-image/friends.jpg", "header": "", "genre": 2, "body": "The main place of our country is Almaty, which is also called city of teenagers", "wrote_date": "2020-07-17T12:44:47Z", "moderation": true, "likes": [1], "favourite": [1]}}, {"model": "Obrazovanie.report", "pk": 9, "fields": {"author": 24, "title": "\u0417\u0434\u043e\u0440\u043e\u0432\u0430\u044f \u0435\u0434\u0430", "image": "report-image/food.jpg", "header": "", "genre": 3, "body": "\u041c\u0438\u043d\u0438\u043c\u0430\u043b\u0438\u0437\u043c \u2013 \u044d\u0442\u043e \u0438\u043d\u0441\u0442\u0440\u0443\u043c\u0435\u043d\u0442, \u043a\u043e\u0442\u043e\u0440\u044b\u0439 \u043c\u043e\u0436\u0435\u0442 \u043f\u043e\u043c\u043e\u0447\u044c \u0432\u0430\u043c \u0441\u0442\u0430\u0442\u044c \u0441\u0432\u043e\u0431\u043e\u0434\u043d\u044b\u043c. \u0421\u0432\u043e\u0431\u043e\u0434\u043d\u044b\u043c \u043e\u0442 \u0441\u0442\u0440\u0430\u0445\u0430. \u0421\u0432\u043e\u0431\u043e\u0434\u043d\u044b\u043c \u043e\u0442 \u0442\u0440\u0435\u0432\u043e\u0433 \u0438 \u0432\u043e\u043b\u043d\u0435\u043d\u0438\u0439. \u0421\u0432\u043e\u0431\u043e\u0434\u043d\u044b\u043c \u043e\u0442 \u0438\u0437\u0431\u044b\u0442\u043a\u0430 \u0431\u0430\u0440\u0430\u0445\u043b\u0430. \u0421\u0432\u043e\u0431\u043e\u0434\u043d\u044b\u043c \u043e\u0442 \u0447\u0443\u0432\u0441\u0442\u0432\u0430 \u0432\u0438\u043d\u044b. \u0418 \u043e\u0442 \u0434\u0435\u043f\u0440\u0435\u0441\u0441\u0438\u0438.\u0421\u0432\u043e\u0431\u043e\u0434\u043d\u044b\u043c \u043e\u0442 \u0430\u0442\u0440\u0438\u0431\u0443\u0442\u043e\u0432 \u043f\u043e\u0442\u0440\u0435\u0431\u0438\u0442\u0435\u043b\u044c\u0441\u043a\u043e\u0439 \u043a\u0443\u043b\u044c\u0442\u0443\u0440\u044b, \u043a\u043e\u0442\u043e\u0440\u0443\u044e \u043c\u044b \u043f\u043e\u0441\u0442\u0440\u043e\u0438\u043b\u0438 \u0432\u043e\u043a\u0440\u0443\u0433 \u0441\u0435\u0431\u044f. \u041c\u0438\u043d\u0438\u043c\u0430\u043b\u0438\u0437\u043c \u043c\u043e\u0436\u0435\u0442 \u043f\u043e\u043c\u043e\u0447\u044c \u0441\u0442\u0430\u0442\u044c \u043f\u043e-\u043d\u0430\u0441\u0442\u043e\u044f\u0449\u0435\u043c\u0443 \u0441\u0432\u043e\u0431\u043e\u0434\u043d\u044b\u043c.\r\n\r\n\u041c\u0438\u043d\u0438\u043c\u0430\u043b\u0438\u0437\u043c \u043d\u0435 \u043f\u043e\u0434\u0440\u0430\u0437\u0443\u043c\u0435\u0432\u0430\u0435\u0442, \u0447\u0442\u043e \u0432\u043b\u0430\u0434\u0435\u0442\u044c \u043c\u0430\u0442\u0435\u0440\u0438\u0430\u043b\u044c\u043d\u044b\u043c\u0438 \u0432\u0435\u0449\u0430\u043c\u0438 \u2013 \u043f\u043b\u043e\u0445\u043e. \u041f\u0440\u043e\u0431\u043b\u0435\u043c\u0430 \u0437\u0430\u043a\u043b\u044e\u0447\u0430\u0435\u0442\u0441\u044f \u0432 \u0442\u043e\u043c, \u0447\u0442\u043e \u043c\u044b \u043f\u0440\u0438\u0434\u0430\u0435\u043c \u043d\u0430\u0448\u0438\u043c \u0432\u0435\u0449\u0430\u043c \u0441\u043b\u0438\u0448\u043a\u043e\u043c \u0431\u043e\u043b\u044c\u0448\u043e\u0435 \u0437\u043d\u0430\u0447\u0435\u043d\u0438\u0435, \u0437\u0430\u0447\u0430\u0441\u0442\u0443\u044e, \u0437\u0430\u0431\u044b\u0432\u0430\u044f \u043e \u0437\u0434\u043e\u0440\u043e\u0432\u044c\u0435, \u043e\u0442\u043d\u043e\u0448\u0435\u043d\u0438\u044f\u0445, \u0445\u043e\u0431\u0431\u0438, \u043b\u0438\u0447\u043d\u043e\u043c \u0440\u043e\u0441\u0442\u0435 \u0438 \u0436\u0435\u043b\u0430\u043d\u0438\u0438 \u0441\u0442\u0430\u043d\u043e\u0432\u0438\u0442\u044c\u0441\u044f \u043b\u0443\u0447\u0448\u0435.", "wrote_date": "2020-07-19T06:54:15Z", "moderation": true, "likes": [1, 20, 24], "favourite": [20]}}, {"model": "Obrazovanie.report", "pk": 10, "fields": {"author": 26, "title": "\u041f\u0443\u0441\u0442\u0430\u044f \u0442\u0440\u0430\u0442\u0430 \u0432\u0440\u0435\u043c\u0435\u043d\u0438", "image": "report-image/time.jpg", "header": "", "genre": 4, "body": "One of the great nbadfeaf e", "wrote_date": "2020-07-19T07:03:27Z", "moderation": true, "likes": [20, 24], "favourite": []}}, {"model": "Obrazovanie.report", "pk": 11, "fields": {"author": 1, "title": "\u0411\u0438\u0437\u043d\u0435\u0441 \u0432 20", "image": "report-image/Business_1.jpg", "header": "Lorem ipsum dolor sit amet, consectetur adipiscing elit. Aenean a nisi tincidunt, porta risus nec, mollis mauris.", "genre": 1, "body": "Lorem ipsum dolor sit amet, consectetur adipiscing elit. Aenean a nisi tincidunt, porta risus nec, mollis mauris. Vivamus facilisis justo eros, quis viverra tortor convallis et. Phasellus egestas dapibus ipsum vitae vehicula. Fusce blandit faucibus ipsum, convallis vulputate lectus ornare sit amet. Maecenas tellus metus, elementum porta libero tincidunt, porta convallis dui. Morbi tempor bibendum venenatis. Vestibulum ut magna faucibus, imperdiet mi sed, vestibulum odio. Donec eget urna ac tortor auctor consequat.", "wrote_date": "2020-09-24T10:39:45Z", "moderation": true, "likes": [1, 24], "favourite": []}}, {"model": "Obrazovanie.report", "pk": 16, "fields": {"author": 1, "title": "Drama", "image": "report-image/Comt.jpg", "header": "", "genre": 3, "body": "as", "wrote_date": "2020-12-27T15:39:25Z", "moderation": true, "likes": [1], "favourite": []}}, {"model": "Obrazovanie.comment", "pk": 5, "fields": {"report": 9, "user": 20, "content": "Good", "reply": null, "timestamp": "2020-07-19T06:55:34.912Z"}}, {"model": "Obrazovanie.comment", "pk": 6, "fields": {"report": 9, "user": 20, "content": "sfg", "reply": 5, "timestamp": "2020-07-19T06:55:41.826Z"}}, {"model": "Obrazovanie.comment", "pk": 7, "fields": {"report": 10, "user": 20, "content": "Great", "reply": null, "timestamp": "2020-07-19T07:04:23.772Z"}}, {"model": "Obrazovanie.comment", "pk": 329, "fields": {"report": 9, "user": 1, "content": "It's great post", "reply": null, "timestamp": "2020-09-28T13:55:40.796Z"}}, {"model": "Obrazovanie.comment", "pk": 330, "fields": {"report": 9, "user": 1, "content": "hello", "reply": null, "timestamp": "2020-09-28T13:55:55.386Z"}}, {"model": "Obrazovanie.comment", "pk": 331, "fields": {"report": 9, "user": 1, "content": "sdfssfd", "reply": null, "timestamp": "2020-09-28T13:56:14.332Z"}}, {"model": "Obrazovanie.comment", "pk": 332, "fields": {"report": 9, "user": 1, "content": "dsa", "reply": null, "timestamp": "2020-09-28T14:03:04.782Z"}}, {"model": "Obrazovanie.comment", "pk": 333, "fields": {"report": 5, "user": 1, "content": "asdasd", "reply": null, "timestamp": "2020-09-28T14:03:46.883Z"}}, {"model": "Obrazovanie.comment", "pk": 334, "fields": {"report": 5, "user": 1, "content": "asdasdsddddddd", "reply": null, "timestamp": "2020-09-28T14:03:52.801Z"}}, {"model": "Obrazovanie.comment", "pk": 335, "fields": {"report": 5, "user": 1, "content": "asd", "reply": null, "timestamp": "2020-09-28T14:05:26.372Z"}}, {"model": "Obrazovanie.comment", "pk": 336, "fields": {"report": 5, "user": 1, "content": "hello", "reply": null, "timestamp": "2020-09-28T14:18:54.663Z"}}, {"model": "Obrazovanie.comment", "pk": 337, "fields": {"report": 5, "user": 1, "content": "sfd", "reply": null, "timestamp": "2020-09-28T14:26:51.038Z"}}, {"model": "Obrazovanie.comment", "pk": 340, "fields": {"report": 11, "user": 24, "content": "It was helpful to me", "reply": null, "timestamp": "2020-12-23T20:23:35.368Z"}}, {"model": "Obrazovanie.comment", "pk": 344, "fields": {"report": 5, "user": 24, "content": "hello", "reply": null, "timestamp": "2020-12-27T19:11:36.671Z"}}, {"model": "Obrazovanie.comment", "pk": 345, "fields": {"report": 5, "user": 24, "content": "aza", "reply": 337, "timestamp": "2020-12-27T19:39:14.743Z"}}, {"model": "Obrazovanie.comment", "pk": 346, "fields": {"report": 5, "user": 24, "content": "ds", "reply": 336, "timestamp": "2020-12-27T19:39:31.004Z"}}, {"model": "admin.logentry", "pk": 1, "fields": {"action_time": "2020-06-11T20:43:14.731Z", "user": 1, "content_type": 4, "object_id": "2", "object_repr": "", "action_flag": 3, "change_message": ""}}, {"model": "admin.logentry", "pk": 2, "fields": {"action_time": "2020-06-11T21:41:11.502Z", "user": 1, "content_type": 4, "object_id": "4", "object_repr": "j1begim", "action_flag": 3, "change_message": ""}}, {"model": "admin.logentry", "pk": 3, "fields": {"action_time": "2020-06-11T21:44:50.469Z", "user": 1, "content_type": 4, "object_id": "5", "object_repr": "j1begim", "action_flag": 3, "change_message": ""}}, {"model": "admin.logentry", "pk": 4, "fields": {"action_time": "2020-06-11T21:47:15.222Z", "user": 1, "content_type": 4, "object_id": "6", "object_repr": "j1begim", "action_flag": 3, "change_message": ""}}, {"model": "admin.logentry", "pk": 5, "fields": {"action_time": "2020-06-12T09:07:16.874Z", "user": 1, "content_type": 4, "object_id": "3", "object_repr": "azatnt", "action_flag": 3, "change_message": ""}}, {"model": "admin.logentry", "pk": 6, "fields": {"action_time": "2020-06-12T09:07:16.877Z", "user": 1, "content_type": 4, "object_id": "7", "object_repr": "j1begim", "action_flag": 3, "change_message": ""}}, {"model": "admin.logentry", "pk": 7, "fields": {"action_time": "2020-06-12T09:07:16.880Z", "user": 1, "content_type": 4, "object_id": "8", "object_repr": "sanzhik", "action_flag": 3, "change_message": ""}}, {"model": "admin.logentry", "pk": 8, "fields": {"action_time": "2020-06-12T10:15:03.224Z", "user": 1, "content_type": 4, "object_id": "9", "object_repr": "azatnt", "action_flag": 3, "change_message": ""}}, {"model": "admin.logentry", "pk": 9, "fields": {"action_time": "2020-06-12T10:16:09.797Z", "user": 1, "content_type": 4, "object_id": "11", "object_repr": "azatnt", "action_flag": 3, "change_message": ""}}, {"model": "admin.logentry", "pk": 10, "fields": {"action_time": "2020-06-12T10:21:28.794Z", "user": 1, "content_type": 4, "object_id": "12", "object_repr": "azatnt", "action_flag": 3, "change_message": ""}}, {"model": "admin.logentry", "pk": 11, "fields": {"action_time": "2020-06-12T11:42:24.057Z", "user": 1, "content_type": 4, "object_id": "14", "object_repr": "", "action_flag": 3, "change_message": ""}}, {"model": "admin.logentry", "pk": 12, "fields": {"action_time": "2020-06-12T11:42:24.060Z", "user": 1, "content_type": 4, "object_id": "13", "object_repr": "azatnt", "action_flag": 3, "change_message": ""}}, {"model": "admin.logentry", "pk": 13, "fields": {"action_time": "2020-06-12T12:06:34.779Z", "user": 1, "content_type": 4, "object_id": "15", "object_repr": "azatnt", "action_flag": 3, "change_message": ""}}, {"model": "admin.logentry", "pk": 14, "fields": {"action_time": "2020-06-12T12:31:29.981Z", "user": 1, "content_type": 7, "object_id": "11", "object_repr": "azatnt Profile", "action_flag": 2, "change_message": "[{\"changed\": {\"fields\": [\"City\", \"Phone\"]}}]"}}, {"model": "admin.logentry", "pk": 15, "fields": {"action_time": "2020-06-12T21:27:02.201Z", "user": 1, "content_type": 4, "object_id": "16", "object_repr": "azatnt", "action_flag": 3, "change_message": ""}}, {"model": "admin.logentry", "pk": 16, "fields": {"action_time": "2020-06-13T11:56:33.213Z", "user": 1, "content_type": 4, "object_id": "17", "object_repr": "azatnt", "action_flag": 3, "change_message": ""}}, {"model": "admin.logentry", "pk": 17, "fields": {"action_time": "2020-06-19T13:05:52.285Z", "user": 1, "content_type": 10, "object_id": "1", "object_repr": "\u041f\u043e\u0434\u043a\u0430\u0441\u0442\u044b", "action_flag": 1, "change_message": "[{\"added\": {}}]"}}, {"model": "admin.logentry", "pk": 18, "fields": {"action_time": "2020-06-19T13:06:01.711Z", "user": 1, "content_type": 10, "object_id": "1", "object_repr": "\u041f\u043e\u0434\u043a\u0430\u0441\u0442\u044b", "action_flag": 2, "change_message": "[]"}}, {"model": "admin.logentry", "pk": 19, "fields": {"action_time": "2020-06-19T14:10:43.647Z", "user": 1, "content_type": 10, "object_id": "1", "object_repr": "\u041f\u043e\u0434\u043a\u0430\u0441\u0442\u044b", "action_flag": 3, "change_message": ""}}, {"model": "admin.logentry", "pk": 20, "fields": {"action_time": "2020-06-19T14:11:10.884Z", "user": 1, "content_type": 10, "object_id": "2", "object_repr": "\u041f\u043e\u0434\u043a\u0430\u0441\u0442\u044b", "action_flag": 1, "change_message": "[{\"added\": {}}]"}}, {"model": "admin.logentry", "pk": 21, "fields": {"action_time": "2020-06-19T14:11:58.107Z", "user": 1, "content_type": 10, "object_id": "3", "object_repr": "\u041c\u0430\u0441\u0442\u0435\u0440-\u043a\u043b\u0430\u0441\u0441\u044b", "action_flag": 1, "change_message": "[{\"added\": {}}]"}}, {"model": "admin.logentry", "pk": 22, "fields": {"action_time": "2020-06-20T08:15:07.670Z", "user": 1, "content_type": 11, "object_id": "1", "object_repr": "Item object (1)", "action_flag": 1, "change_message": "[{\"added\": {}}]"}}, {"model": "admin.logentry", "pk": 23, "fields": {"action_time": "2020-06-20T08:15:18.312Z", "user": 1, "content_type": 11, "object_id": "2", "object_repr": "Item object (2)", "action_flag": 1, "change_message": "[{\"added\": {}}]"}}, {"model": "admin.logentry", "pk": 24, "fields": {"action_time": "2020-06-20T08:15:39.232Z", "user": 1, "content_type": 11, "object_id": "2", "object_repr": "Item object (2)", "action_flag": 3, "change_message": ""}}, {"model": "admin.logentry", "pk": 25, "fields": {"action_time": "2020-06-20T08:15:39.235Z", "user": 1, "content_type": 11, "object_id": "1", "object_repr": "Item object (1)", "action_flag": 3, "change_message": ""}}, {"model": "admin.logentry", "pk": 26, "fields": {"action_time": "2020-06-20T08:15:45.236Z", "user": 1, "content_type": 11, "object_id": "3", "object_repr": "Item object (3)", "action_flag": 1, "change_message": "[{\"added\": {}}]"}}, {"model": "admin.logentry", "pk": 27, "fields": {"action_time": "2020-06-20T08:16:03.389Z", "user": 1, "content_type": 11, "object_id": "4", "object_repr": "Item object (4)", "action_flag": 1, "change_message": "[{\"added\": {}}]"}}, {"model": "admin.logentry", "pk": 28, "fields": {"action_time": "2020-06-20T08:16:28.765Z", "user": 1, "content_type": 11, "object_id": "4", "object_repr": "Item object (4)", "action_flag": 3, "change_message": ""}}, {"model": "admin.logentry", "pk": 29, "fields": {"action_time": "2020-06-20T08:16:31.168Z", "user": 1, "content_type": 11, "object_id": "5", "object_repr": "Item object (5)", "action_flag": 1, "change_message": "[{\"added\": {}}]"}}, {"model": "admin.logentry", "pk": 30, "fields": {"action_time": "2020-06-20T08:16:42.115Z", "user": 1, "content_type": 11, "object_id": "5", "object_repr": "Item object (5)", "action_flag": 3, "change_message": ""}}, {"model": "admin.logentry", "pk": 31, "fields": {"action_time": "2020-06-20T08:16:42.118Z", "user": 1, "content_type": 11, "object_id": "3", "object_repr": "Item object (3)", "action_flag": 3, "change_message": ""}}, {"model": "admin.logentry", "pk": 32, "fields": {"action_time": "2020-06-20T08:18:09.162Z", "user": 1, "content_type": 11, "object_id": "6", "object_repr": "Item object (6)", "action_flag": 1, "change_message": "[{\"added\": {}}]"}}, {"model": "admin.logentry", "pk": 33, "fields": {"action_time": "2020-06-20T08:18:16.578Z", "user": 1, "content_type": 11, "object_id": "6", "object_repr": "Item object (6)", "action_flag": 3, "change_message": ""}}, {"model": "admin.logentry", "pk": 34, "fields": {"action_time": "2020-06-20T12:23:57.667Z", "user": 1, "content_type": 11, "object_id": "1", "object_repr": "\u041a\u0430\u043a \u0431\u044b\u0442\u044c \u044d\u043a\u043e-\u0444\u0440\u0435\u043d\u0434\u043b\u0438", "action_flag": 1, "change_message": "[{\"added\": {}}]"}}, {"model": "admin.logentry", "pk": 35, "fields": {"action_time": "2020-06-20T12:24:58.273Z", "user": 1, "content_type": 11, "object_id": "2", "object_repr": "\u0422\u0432\u043e\u0440\u0447\u0435\u0441\u0442\u0432\u043e \u0432 \u041a\u0430\u0437\u0430\u0445\u0441\u0442\u0430\u043d\u0435", "action_flag": 1, "change_message": "[{\"added\": {}}]"}}, {"model": "admin.logentry", "pk": 36, "fields": {"action_time": "2020-06-20T12:25:35.180Z", "user": 1, "content_type": 11, "object_id": "2", "object_repr": "\u0422\u0432\u043e\u0440\u0447\u0435\u0441\u0442\u0432\u043e \u0432 \u041a\u0430\u0437\u0430\u0445\u0441\u0442\u0430\u043d\u0435", "action_flag": 3, "change_message": ""}}, {"model": "admin.logentry", "pk": 37, "fields": {"action_time": "2020-06-20T12:25:54.916Z", "user": 1, "content_type": 11, "object_id": "3", "object_repr": "\u041a\u0430\u043a \u0431\u044b\u0442\u044c \u044d\u043a\u043e-\u0444\u0440\u0435\u043d\u0434\u043b\u0438?", "action_flag": 1, "change_message": "[{\"added\": {}}]"}}, {"model": "admin.logentry", "pk": 38, "fields": {"action_time": "2020-06-20T12:26:11.974Z", "user": 1, "content_type": 11, "object_id": "1", "object_repr": "\u041a\u0430\u043a \u0431\u044b\u0442\u044c \u044d\u043a\u043e-\u0444\u0440\u0435\u043d\u0434\u043b\u0438", "action_flag": 3, "change_message": ""}}, {"model": "admin.logentry", "pk": 39, "fields": {"action_time": "2020-06-20T12:26:40.193Z", "user": 1, "content_type": 11, "object_id": "4", "object_repr": "\u0422\u0432\u043e\u0440\u0447\u0435\u0441\u0442\u0432\u043e \u0432 \u041a\u0430\u0437\u0430\u0445\u0441\u0442\u0430\u043d\u0435", "action_flag": 1, "change_message": "[{\"added\": {}}]"}}, {"model": "admin.logentry", "pk": 40, "fields": {"action_time": "2020-06-20T12:27:57.335Z", "user": 1, "content_type": 11, "object_id": "5", "object_repr": "\u0414\u0435\u043b\u0430\u0435\u043c \u044d\u043a\u043e-\u0441\u0443\u043c\u043a\u0438 \u0441\u0430\u043c\u0438", "action_flag": 1, "change_message": "[{\"added\": {}}]"}}, {"model": "admin.logentry", "pk": 41, "fields": {"action_time": "2020-06-20T12:28:40.595Z", "user": 1, "content_type": 11, "object_id": "6", "object_repr": "\u0424\u043e\u0442\u043e\u0433\u0440\u0430\u0444\u0438\u0440\u0443\u0435\u043c \u043d\u0430 \u0442\u0435\u043b\u0435\u0444\u043e\u043d", "action_flag": 1, "change_message": "[{\"added\": {}}]"}}, {"model": "admin.logentry", "pk": 42, "fields": {"action_time": "2020-06-20T12:29:32.344Z", "user": 1, "content_type": 11, "object_id": "7", "object_repr": "\u0421\u0442\u0430\u043d\u044c \u043c\u0438\u043d\u0438\u043c\u0430\u043b\u0438\u0441\u0442\u043e\u043c", "action_flag": 1, "change_message": "[{\"added\": {}}]"}}, {"model": "admin.logentry", "pk": 43, "fields": {"action_time": "2020-06-20T13:00:59.577Z", "user": 1, "content_type": 11, "object_id": "7", "object_repr": "\u0421\u0442\u0430\u043d\u044c \u043c\u0438\u043d\u0438\u043c\u0430\u043b\u0438\u0441\u0442\u043e\u043c", "action_flag": 3, "change_message": ""}}, {"model": "admin.logentry", "pk": 44, "fields": {"action_time": "2020-06-20T13:00:59.582Z", "user": 1, "content_type": 11, "object_id": "6", "object_repr": "\u0424\u043e\u0442\u043e\u0433\u0440\u0430\u0444\u0438\u0440\u0443\u0435\u043c \u043d\u0430 \u0442\u0435\u043b\u0435\u0444\u043e\u043d", "action_flag": 3, "change_message": ""}}, {"model": "admin.logentry", "pk": 45, "fields": {"action_time": "2020-06-20T13:00:59.585Z", "user": 1, "content_type": 11, "object_id": "5", "object_repr": "\u0414\u0435\u043b\u0430\u0435\u043c \u044d\u043a\u043e-\u0441\u0443\u043c\u043a\u0438 \u0441\u0430\u043c\u0438", "action_flag": 3, "change_message": ""}}, {"model": "admin.logentry", "pk": 46, "fields": {"action_time": "2020-06-20T13:00:59.588Z", "user": 1, "content_type": 11, "object_id": "4", "object_repr": "\u0422\u0432\u043e\u0440\u0447\u0435\u0441\u0442\u0432\u043e \u0432 \u041a\u0430\u0437\u0430\u0445\u0441\u0442\u0430\u043d\u0435", "action_flag": 3, "change_message": ""}}, {"model": "admin.logentry", "pk": 47, "fields": {"action_time": "2020-06-20T13:00:59.592Z", "user": 1, "content_type": 11, "object_id": "3", "object_repr": "\u041a\u0430\u043a \u0431\u044b\u0442\u044c \u044d\u043a\u043e-\u0444\u0440\u0435\u043d\u0434\u043b\u0438?", "action_flag": 3, "change_message": ""}}, {"model": "admin.logentry", "pk": 48, "fields": {"action_time": "2020-06-20T13:01:39.136Z", "user": 1, "content_type": 11, "object_id": "8", "object_repr": "\u041a\u0430\u043a \u0431\u044b\u0442\u044c \u044d\u043a\u043e-\u0444\u0440\u0435\u043d\u0434\u043b\u0438?", "action_flag": 1, "change_message": "[{\"added\": {}}]"}}, {"model": "admin.logentry", "pk": 49, "fields": {"action_time": "2020-06-20T13:51:04.318Z", "user": 1, "content_type": 11, "object_id": "9", "object_repr": "\u0422\u0432\u043e\u0440\u0447\u0435\u0441\u0442\u0432\u043e \u0432 \u041a\u0430\u0437\u0430\u0445\u0441\u0442\u0430\u043d\u0435", "action_flag": 1, "change_message": "[{\"added\": {}}]"}}, {"model": "admin.logentry", "pk": 50, "fields": {"action_time": "2020-06-20T13:57:00.013Z", "user": 1, "content_type": 11, "object_id": "10", "object_repr": "\u0414\u0435\u043b\u0430\u0435\u043c \u044d\u043a\u043e-\u0441\u0443\u043c\u043a\u0438 \u0441\u0430\u043c\u0438", "action_flag": 1, "change_message": "[{\"added\": {}}]"}}, {"model": "admin.logentry", "pk": 51, "fields": {"action_time": "2020-06-20T13:57:24.324Z", "user": 1, "content_type": 11, "object_id": "11", "object_repr": "\u0424\u043e\u0442\u043e\u0433\u0440\u0430\u0444\u0438\u0440\u0443\u0435\u043c \u043d\u0430 \u0442\u0435\u043b\u0435\u0444\u043e\u043d", "action_flag": 1, "change_message": "[{\"added\": {}}]"}}, {"model": "admin.logentry", "pk": 52, "fields": {"action_time": "2020-06-20T13:57:57.144Z", "user": 1, "content_type": 11, "object_id": "12", "object_repr": "\u0421\u0442\u0430\u043d\u044c \u043c\u0438\u043d\u0438\u043c\u0430\u043b\u0438\u0441\u0442\u043e\u043c", "action_flag": 1, "change_message": "[{\"added\": {}}]"}}, {"model": "admin.logentry", "pk": 53, "fields": {"action_time": "2020-06-20T13:58:30.519Z", "user": 1, "content_type": 11, "object_id": "13", "object_repr": "\u041f\u043e\u043b\u043e\u0432\u043e\u0435 \u0432\u043e\u0441\u043f\u0438\u0442\u0430\u043d\u0438\u0435 \u0432\u0430\u0436\u043d\u043e", "action_flag": 1, "change_message": "[{\"added\": {}}]"}}, {"model": "admin.logentry", "pk": 54, "fields": {"action_time": "2020-06-20T19:34:40.887Z", "user": 1, "content_type": 12, "object_id": "1", "object_repr": "\u042d\u043a\u043e\u0444\u0438\u043b\u043e\u0441\u043e\u0444\u0438\u044f", "action_flag": 1, "change_message": "[{\"added\": {}}]"}}, {"model": "admin.logentry", "pk": 55, "fields": {"action_time": "2020-06-20T19:35:24.519Z", "user": 1, "content_type": 12, "object_id": "2", "object_repr": "\u041f\u0443\u0442\u0435\u0448\u0435\u0441\u0442\u0432\u0438\u0435", "action_flag": 1, "change_message": "[{\"added\": {}}]"}}, {"model": "admin.logentry", "pk": 56, "fields": {"action_time": "2020-06-20T19:36:03.713Z", "user": 1, "content_type": 12, "object_id": "3", "object_repr": "\u041c\u0438\u043d\u0438\u043c\u0430\u043b\u0438\u0437\u043c", "action_flag": 1, "change_message": "[{\"added\": {}}]"}}, {"model": "admin.logentry", "pk": 57, "fields": {"action_time": "2020-06-20T19:36:18.864Z", "user": 1, "content_type": 12, "object_id": "4", "object_repr": "\u0422\u0432\u043e\u0440\u0447\u0435\u0441\u0442\u0432\u043e", "action_flag": 1, "change_message": "[{\"added\": {}}]"}}, {"model": "admin.logentry", "pk": 58, "fields": {"action_time": "2020-06-20T19:36:27.516Z", "user": 1, "content_type": 12, "object_id": "5", "object_repr": "\u041f\u043e\u043b\u043e\u0432\u043e\u0435 \u0432\u043e\u0441\u043f\u0438\u0442\u0430\u043d\u0438\u0435", "action_flag": 1, "change_message": "[{\"added\": {}}]"}}, {"model": "admin.logentry", "pk": 59, "fields": {"action_time": "2020-06-20T19:37:26.736Z", "user": 1, "content_type": 11, "object_id": "13", "object_repr": "\u041f\u043e\u043b\u043e\u0432\u043e\u0435 \u0432\u043e\u0441\u043f\u0438\u0442\u0430\u043d\u0438\u0435 \u0432\u0430\u0436\u043d\u043e", "action_flag": 3, "change_message": ""}}, {"model": "admin.logentry", "pk": 60, "fields": {"action_time": "2020-06-20T19:37:26.739Z", "user": 1, "content_type": 11, "object_id": "12", "object_repr": "\u0421\u0442\u0430\u043d\u044c \u043c\u0438\u043d\u0438\u043c\u0430\u043b\u0438\u0441\u0442\u043e\u043c", "action_flag": 3, "change_message": ""}}, {"model": "admin.logentry", "pk": 61, "fields": {"action_time": "2020-06-20T19:37:26.742Z", "user": 1, "content_type": 11, "object_id": "11", "object_repr": "\u0424\u043e\u0442\u043e\u0433\u0440\u0430\u0444\u0438\u0440\u0443\u0435\u043c \u043d\u0430 \u0442\u0435\u043b\u0435\u0444\u043e\u043d", "action_flag": 3, "change_message": ""}}, {"model": "admin.logentry", "pk": 62, "fields": {"action_time": "2020-06-20T19:37:26.745Z", "user": 1, "content_type": 11, "object_id": "10", "object_repr": "\u0414\u0435\u043b\u0430\u0435\u043c \u044d\u043a\u043e-\u0441\u0443\u043c\u043a\u0438 \u0441\u0430\u043c\u0438", "action_flag": 3, "change_message": ""}}, {"model": "admin.logentry", "pk": 63, "fields": {"action_time": "2020-06-20T19:37:26.750Z", "user": 1, "content_type": 11, "object_id": "9", "object_repr": "\u0422\u0432\u043e\u0440\u0447\u0435\u0441\u0442\u0432\u043e \u0432 \u041a\u0430\u0437\u0430\u0445\u0441\u0442\u0430\u043d\u0435", "action_flag": 3, "change_message": ""}}, {"model": "admin.logentry", "pk": 64, "fields": {"action_time": "2020-06-20T19:37:26.754Z", "user": 1, "content_type": 11, "object_id": "8", "object_repr": "\u041a\u0430\u043a \u0431\u044b\u0442\u044c \u044d\u043a\u043e-\u0444\u0440\u0435\u043d\u0434\u043b\u0438?", "action_flag": 3, "change_message": ""}}, {"model": "admin.logentry", "pk": 65, "fields": {"action_time": "2020-06-20T19:47:40.638Z", "user": 1, "content_type": 11, "object_id": "1", "object_repr": "\u041a\u0430\u043a \u0431\u044b\u0442\u044c \u044d\u043a\u043e-\u0444\u0440\u0435\u043d\u0434\u043b\u0438?", "action_flag": 1, "change_message": "[{\"added\": {}}]"}}, {"model": "admin.logentry", "pk": 66, "fields": {"action_time": "2020-06-20T20:03:19.658Z", "user": 1, "content_type": 11, "object_id": "1", "object_repr": "\u041a\u0430\u043a \u0431\u044b\u0442\u044c \u044d\u043a\u043e-\u0444\u0440\u0435\u043d\u0434\u043b\u0438?", "action_flag": 2, "change_message": "[]"}}, {"model": "admin.logentry", "pk": 67, "fields": {"action_time": "2020-06-20T20:03:28.847Z", "user": 1, "content_type": 11, "object_id": "1", "object_repr": "\u041a\u0430\u043a \u0431\u044b\u0442\u044c \u044d\u043a\u043e-\u0444\u0440\u0435\u043d\u0434\u043b\u0438?", "action_flag": 2, "change_message": "[{\"changed\": {\"fields\": [\"Genre\"]}}]"}}, {"model": "admin.logentry", "pk": 68, "fields": {"action_time": "2020-06-20T20:14:34.110Z", "user": 1, "content_type": 11, "object_id": "2", "object_repr": "\u0422\u0432\u043e\u0440\u0447\u0435\u0441\u0442\u0432\u043e \u0432 \u041a\u0430\u0437\u0430\u0445\u0441\u0442\u0430\u043d\u0435", "action_flag": 1, "change_message": "[{\"added\": {}}]"}}, {"model": "admin.logentry", "pk": 69, "fields": {"action_time": "2020-06-20T20:15:16.144Z", "user": 1, "content_type": 11, "object_id": "3", "object_repr": "\u0414\u0435\u043b\u0430\u0435\u043c \u044d\u043a\u043e-\u0441\u0443\u043c\u043a\u0438 \u0441\u0430\u043c\u0438", "action_flag": 1, "change_message": "[{\"added\": {}}]"}}, {"model": "admin.logentry", "pk": 70, "fields": {"action_time": "2020-06-20T20:15:54.489Z", "user": 1, "content_type": 11, "object_id": "4", "object_repr": "\u0424\u043e\u0442\u043e\u0433\u0440\u0430\u0444\u0438\u0440\u0443\u0435\u043c \u043d\u0430 \u0442\u0435\u043b\u0435\u0444\u043e\u043d", "action_flag": 1, "change_message": "[{\"added\": {}}]"}}, {"model": "admin.logentry", "pk": 71, "fields": {"action_time": "2020-06-20T20:16:24.309Z", "user": 1, "content_type": 11, "object_id": "5", "object_repr": "\u0421\u0442\u0430\u043d\u044c \u043c\u0438\u043d\u0438\u043c\u0430\u043b\u0438\u0441\u0442\u043e\u043c", "action_flag": 1, "change_message": "[{\"added\": {}}]"}}, {"model": "admin.logentry", "pk": 72, "fields": {"action_time": "2020-06-20T20:16:49.172Z", "user": 1, "content_type": 11, "object_id": "6", "object_repr": "\u041f\u043e\u043b\u043e\u0432\u043e\u0435 \u0432\u043e\u0441\u043f\u0438\u0442\u0430\u043d\u0438\u0435 \u0432\u0430\u0436\u043d\u043e", "action_flag": 1, "change_message": "[{\"added\": {}}]"}}, {"model": "admin.logentry", "pk": 73, "fields": {"action_time": "2020-06-20T21:50:24.519Z", "user": 1, "content_type": 13, "object_id": "1", "object_repr": "Format object (1)", "action_flag": 1, "change_message": "[{\"added\": {}}]"}}, {"model": "admin.logentry", "pk": 74, "fields": {"action_time": "2020-06-20T21:51:11.301Z", "user": 1, "content_type": 13, "object_id": "2", "object_repr": "\u0427\u0438\u0442\u0430\u0442\u044c", "action_flag": 1, "change_message": "[{\"added\": {}}]"}}, {"model": "admin.logentry", "pk": 75, "fields": {"action_time": "2020-06-20T21:51:22.179Z", "user": 1, "content_type": 11, "object_id": "6", "object_repr": "\u041f\u043e\u043b\u043e\u0432\u043e\u0435 \u0432\u043e\u0441\u043f\u0438\u0442\u0430\u043d\u0438\u0435 \u0432\u0430\u0436\u043d\u043e", "action_flag": 2, "change_message": "[{\"changed\": {\"fields\": [\"Format\"]}}]"}}, {"model": "admin.logentry", "pk": 76, "fields": {"action_time": "2020-06-20T21:51:27.509Z", "user": 1, "content_type": 11, "object_id": "5", "object_repr": "\u0421\u0442\u0430\u043d\u044c \u043c\u0438\u043d\u0438\u043c\u0430\u043b\u0438\u0441\u0442\u043e\u043c", "action_flag": 2, "change_message": "[{\"changed\": {\"fields\": [\"Format\"]}}]"}}, {"model": "admin.logentry", "pk": 77, "fields": {"action_time": "2020-06-20T21:51:33.995Z", "user": 1, "content_type": 11, "object_id": "4", "object_repr": "\u0424\u043e\u0442\u043e\u0433\u0440\u0430\u0444\u0438\u0440\u0443\u0435\u043c \u043d\u0430 \u0442\u0435\u043b\u0435\u0444\u043e\u043d", "action_flag": 2, "change_message": "[{\"changed\": {\"fields\": [\"Format\"]}}]"}}, {"model": "admin.logentry", "pk": 78, "fields": {"action_time": "2020-06-20T21:51:40.411Z", "user": 1, "content_type": 11, "object_id": "3", "object_repr": "\u0414\u0435\u043b\u0430\u0435\u043c \u044d\u043a\u043e-\u0441\u0443\u043c\u043a\u0438 \u0441\u0430\u043c\u0438", "action_flag": 2, "change_message": "[{\"changed\": {\"fields\": [\"Format\"]}}]"}}, {"model": "admin.logentry", "pk": 79, "fields": {"action_time": "2020-06-20T21:51:44.917Z", "user": 1, "content_type": 11, "object_id": "3", "object_repr": "\u0414\u0435\u043b\u0430\u0435\u043c \u044d\u043a\u043e-\u0441\u0443\u043c\u043a\u0438 \u0441\u0430\u043c\u0438", "action_flag": 2, "change_message": "[]"}}, {"model": "admin.logentry", "pk": 80, "fields": {"action_time": "2020-06-20T21:51:52.521Z", "user": 1, "content_type": 11, "object_id": "2", "object_repr": "\u0422\u0432\u043e\u0440\u0447\u0435\u0441\u0442\u0432\u043e \u0432 \u041a\u0430\u0437\u0430\u0445\u0441\u0442\u0430\u043d\u0435", "action_flag": 2, "change_message": "[{\"changed\": {\"fields\": [\"Format\"]}}]"}}, {"model": "admin.logentry", "pk": 81, "fields": {"action_time": "2020-06-20T21:51:59.091Z", "user": 1, "content_type": 11, "object_id": "1", "object_repr": "\u041a\u0430\u043a \u0431\u044b\u0442\u044c \u044d\u043a\u043e-\u0444\u0440\u0435\u043d\u0434\u043b\u0438?", "action_flag": 2, "change_message": "[{\"changed\": {\"fields\": [\"Format\"]}}]"}}, {"model": "admin.logentry", "pk": 82, "fields": {"action_time": "2020-06-21T12:22:41.799Z", "user": 1, "content_type": 11, "object_id": "6", "object_repr": "\u041f\u043e\u043b\u043e\u0432\u043e\u0435 \u0432\u043e\u0441\u043f\u0438\u0442\u0430\u043d\u0438\u0435 \u0432\u0430\u0436\u043d\u043e", "action_flag": 2, "change_message": "[{\"changed\": {\"fields\": [\"Video\", \"Description video\", \"Leading\"]}}]"}}, {"model": "admin.logentry", "pk": 83, "fields": {"action_time": "2020-06-21T12:27:42.514Z", "user": 1, "content_type": 11, "object_id": "6", "object_repr": "\u041f\u043e\u043b\u043e\u0432\u043e\u0435 \u0432\u043e\u0441\u043f\u0438\u0442\u0430\u043d\u0438\u0435 \u0432\u0430\u0436\u043d\u043e", "action_flag": 2, "change_message": "[]"}}, {"model": "admin.logentry", "pk": 84, "fields": {"action_time": "2020-06-21T12:55:09.134Z", "user": 1, "content_type": 11, "object_id": "6", "object_repr": "\u041f\u043e\u043b\u043e\u0432\u043e\u0435 \u0432\u043e\u0441\u043f\u0438\u0442\u0430\u043d\u0438\u0435 \u0432\u0430\u0436\u043d\u043e", "action_flag": 2, "change_message": "[{\"changed\": {\"fields\": [\"Video\"]}}]"}}, {"model": "admin.logentry", "pk": 85, "fields": {"action_time": "2020-06-21T13:20:56.155Z", "user": 1, "content_type": 11, "object_id": "1", "object_repr": "\u041a\u0430\u043a \u0431\u044b\u0442\u044c \u044d\u043a\u043e-\u0444\u0440\u0435\u043d\u0434\u043b\u0438?", "action_flag": 2, "change_message": "[{\"changed\": {\"fields\": [\"Video\", \"Description video\", \"Leading\"]}}]"}}, {"model": "admin.logentry", "pk": 86, "fields": {"action_time": "2020-06-21T13:33:33.838Z", "user": 1, "content_type": 11, "object_id": "1", "object_repr": "\u041a\u0430\u043a \u0431\u044b\u0442\u044c \u044d\u043a\u043e-\u0444\u0440\u0435\u043d\u0434\u043b\u0438?", "action_flag": 2, "change_message": "[{\"changed\": {\"fields\": [\"Video\"]}}]"}}, {"model": "admin.logentry", "pk": 87, "fields": {"action_time": "2020-06-21T13:35:35.707Z", "user": 1, "content_type": 11, "object_id": "1", "object_repr": "\u041a\u0430\u043a \u0431\u044b\u0442\u044c \u044d\u043a\u043e-\u0444\u0440\u0435\u043d\u0434\u043b\u0438?", "action_flag": 2, "change_message": "[{\"changed\": {\"fields\": [\"Video\"]}}]"}}, {"model": "admin.logentry", "pk": 88, "fields": {"action_time": "2020-06-21T13:42:33.241Z", "user": 1, "content_type": 11, "object_id": "1", "object_repr": "\u041a\u0430\u043a \u0431\u044b\u0442\u044c \u044d\u043a\u043e-\u0444\u0440\u0435\u043d\u0434\u043b\u0438?", "action_flag": 2, "change_message": "[{\"changed\": {\"fields\": [\"Video\"]}}]"}}, {"model": "admin.logentry", "pk": 89, "fields": {"action_time": "2020-06-21T13:59:13.130Z", "user": 1, "content_type": 4, "object_id": "18", "object_repr": "azatnt", "action_flag": 3, "change_message": ""}}, {"model": "admin.logentry", "pk": 90, "fields": {"action_time": "2020-06-22T07:35:25.812Z", "user": 1, "content_type": 14, "object_id": "1", "object_repr": "\u0427\u0442\u043e \u0442\u0430\u043a\u043e\u0435 \u044d\u043a\u043e\u0444\u0438\u043b\u043e\u0441\u043e\u0444\u0438\u044f?", "action_flag": 1, "change_message": "[{\"added\": {}}]"}}, {"model": "admin.logentry", "pk": 91, "fields": {"action_time": "2020-06-24T18:52:56.727Z", "user": 1, "content_type": 14, "object_id": "1", "object_repr": "\u0427\u0442\u043e \u0442\u0430\u043a\u043e\u0435 \u044d\u043a\u043e\u0444\u0438\u043b\u043e\u0441\u043e\u0444\u0438\u044f?", "action_flag": 3, "change_message": ""}}, {"model": "admin.logentry", "pk": 92, "fields": {"action_time": "2020-06-24T18:53:10.880Z", "user": 1, "content_type": 14, "object_id": "2", "object_repr": "\u0427\u0442\u043e \u0442\u0430\u043a\u043e\u0435 \u044d\u043a\u043e\u0444\u0438\u043b\u043e\u0441\u043e\u0444\u0438\u044f?", "action_flag": 1, "change_message": "[{\"added\": {}}]"}}, {"model": "admin.logentry", "pk": 93, "fields": {"action_time": "2020-06-24T19:28:12.027Z", "user": 1, "content_type": 14, "object_id": "3", "object_repr": "\u0422\u0432\u043e\u0440\u0447\u0435\u0441\u0442\u0432\u043e \u0432 \u041a\u0430\u0437\u0430\u0445\u0441\u0442\u0430\u043d\u0435", "action_flag": 1, "change_message": "[{\"added\": {}}]"}}, {"model": "admin.logentry", "pk": 94, "fields": {"action_time": "2020-06-26T11:02:33.810Z", "user": 1, "content_type": 15, "object_id": "1", "object_repr": "\u0427\u0442\u043e \u0442\u0430\u043a\u043e\u0435 \u044d\u043a\u043e\u0444\u0438\u043b\u043e\u0441\u043e\u0444\u0438\u044f?-Admin", "action_flag": 1, "change_message": "[{\"added\": {}}]"}}, {"model": "admin.logentry", "pk": 95, "fields": {"action_time": "2020-06-26T11:15:38.761Z", "user": 1, "content_type": 15, "object_id": "2", "object_repr": "\u0427\u0442\u043e \u0442\u0430\u043a\u043e\u0435 \u044d\u043a\u043e\u0444\u0438\u043b\u043e\u0441\u043e\u0444\u0438\u044f?-j1begim", "action_flag": 1, "change_message": "[{\"added\": {}}]"}}, {"model": "admin.logentry", "pk": 96, "fields": {"action_time": "2020-06-27T10:37:11.553Z", "user": 1, "content_type": 14, "object_id": "2", "object_repr": "\u0427\u0442\u043e \u0442\u0430\u043a\u043e\u0435 \u044d\u043a\u043e\u0444\u0438\u043b\u043e\u0441\u043e\u0444\u0438\u044f?", "action_flag": 3, "change_message": ""}}, {"model": "admin.logentry", "pk": 97, "fields": {"action_time": "2020-06-27T10:38:00.445Z", "user": 1, "content_type": 14, "object_id": "3", "object_repr": "\u0422\u0432\u043e\u0440\u0447\u0435\u0441\u0442\u0432\u043e \u0432 \u041a\u0430\u0437\u0430\u0445\u0441\u0442\u0430\u043d\u0435", "action_flag": 3, "change_message": ""}}, {"model": "admin.logentry", "pk": 98, "fields": {"action_time": "2020-06-27T10:56:45.493Z", "user": 1, "content_type": 14, "object_id": "1", "object_repr": "\u0427\u0442\u043e \u0442\u0430\u043a\u043e\u0435 \u044d\u043a\u043e\u0444\u0438\u043b\u043e\u0441\u043e\u0444\u0438\u044f?", "action_flag": 1, "change_message": "[{\"added\": {}}]"}}, {"model": "admin.logentry", "pk": 99, "fields": {"action_time": "2020-06-27T10:57:08.456Z", "user": 1, "content_type": 14, "object_id": "2", "object_repr": "\u0422\u0432\u043e\u0440\u0447\u0435\u0441\u0442\u0432\u043e \u0432 \u041a\u0430\u0437\u0430\u0445\u0441\u0442\u0430\u043d\u0435", "action_flag": 1, "change_message": "[{\"added\": {}}]"}}, {"model": "admin.logentry", "pk": 100, "fields": {"action_time": "2020-06-28T06:00:02.784Z", "user": 1, "content_type": 15, "object_id": "3", "object_repr": "\u0427\u0442\u043e \u0442\u0430\u043a\u043e\u0435 \u044d\u043a\u043e\u0444\u0438\u043b\u043e\u0441\u043e\u0444\u0438\u044f?-azatnt", "action_flag": 1, "change_message": "[{\"added\": {}}]"}}, {"model": "admin.logentry", "pk": 101, "fields": {"action_time": "2020-06-28T06:00:11.334Z", "user": 1, "content_type": 15, "object_id": "4", "object_repr": "\u0427\u0442\u043e \u0442\u0430\u043a\u043e\u0435 \u044d\u043a\u043e\u0444\u0438\u043b\u043e\u0441\u043e\u0444\u0438\u044f?-Admin", "action_flag": 1, "change_message": "[{\"added\": {}}]"}}, {"model": "admin.logentry", "pk": 102, "fields": {"action_time": "2020-06-28T07:14:35.970Z", "user": 1, "content_type": 15, "object_id": "12", "object_repr": "\u0427\u0442\u043e \u0442\u0430\u043a\u043e\u0435 \u044d\u043a\u043e\u0444\u0438\u043b\u043e\u0441\u043e\u0444\u0438\u044f?-azatnt", "action_flag": 3, "change_message": ""}}, {"model": "admin.logentry", "pk": 103, "fields": {"action_time": "2020-06-28T07:14:35.973Z", "user": 1, "content_type": 15, "object_id": "11", "object_repr": "\u0427\u0442\u043e \u0442\u0430\u043a\u043e\u0435 \u044d\u043a\u043e\u0444\u0438\u043b\u043e\u0441\u043e\u0444\u0438\u044f?-azatnt", "action_flag": 3, "change_message": ""}}, {"model": "admin.logentry", "pk": 104, "fields": {"action_time": "2020-06-28T07:14:35.975Z", "user": 1, "content_type": 15, "object_id": "10", "object_repr": "\u0427\u0442\u043e \u0442\u0430\u043a\u043e\u0435 \u044d\u043a\u043e\u0444\u0438\u043b\u043e\u0441\u043e\u0444\u0438\u044f?-azatnt", "action_flag": 3, "change_message": ""}}, {"model": "admin.logentry", "pk": 105, "fields": {"action_time": "2020-06-28T07:14:35.978Z", "user": 1, "content_type": 15, "object_id": "9", "object_repr": "\u0427\u0442\u043e \u0442\u0430\u043a\u043e\u0435 \u044d\u043a\u043e\u0444\u0438\u043b\u043e\u0441\u043e\u0444\u0438\u044f?-azatnt", "action_flag": 3, "change_message": ""}}, {"model": "admin.logentry", "pk": 106, "fields": {"action_time": "2020-06-28T07:14:35.982Z", "user": 1, "content_type": 15, "object_id": "8", "object_repr": "\u0427\u0442\u043e \u0442\u0430\u043a\u043e\u0435 \u044d\u043a\u043e\u0444\u0438\u043b\u043e\u0441\u043e\u0444\u0438\u044f?-azatnt", "action_flag": 3, "change_message": ""}}, {"model": "admin.logentry", "pk": 107, "fields": {"action_time": "2020-06-28T07:14:35.987Z", "user": 1, "content_type": 15, "object_id": "7", "object_repr": "\u0427\u0442\u043e \u0442\u0430\u043a\u043e\u0435 \u044d\u043a\u043e\u0444\u0438\u043b\u043e\u0441\u043e\u0444\u0438\u044f?-azatnt", "action_flag": 3, "change_message": ""}}, {"model": "admin.logentry", "pk": 108, "fields": {"action_time": "2020-07-01T07:44:49.207Z", "user": 1, "content_type": 14, "object_id": "4", "object_repr": "asd", "action_flag": 3, "change_message": ""}}, {"model": "admin.logentry", "pk": 109, "fields": {"action_time": "2020-07-01T09:47:33.698Z", "user": 1, "content_type": 14, "object_id": "1", "object_repr": "\u0427\u0442\u043e \u0442\u0430\u043a\u043e\u0435 \u044d\u043a\u043e\u0444\u0438\u043b\u043e\u0441\u043e\u0444\u0438\u044f?", "action_flag": 2, "change_message": "[{\"changed\": {\"fields\": [\"Status\", \"Moderation\"]}}]"}}, {"model": "admin.logentry", "pk": 110, "fields": {"action_time": "2020-07-01T09:47:53.421Z", "user": 1, "content_type": 14, "object_id": "2", "object_repr": "\u0422\u0432\u043e\u0440\u0447\u0435\u0441\u0442\u0432\u043e \u0432 \u041a\u0430\u0437\u0430\u0445\u0441\u0442\u0430\u043d\u0435", "action_flag": 2, "change_message": "[{\"changed\": {\"fields\": [\"Status\", \"Moderation\"]}}]"}}, {"model": "admin.logentry", "pk": 111, "fields": {"action_time": "2020-07-01T10:06:48.021Z", "user": 1, "content_type": 14, "object_id": "4", "object_repr": "dsf", "action_flag": 3, "change_message": ""}}, {"model": "admin.logentry", "pk": 112, "fields": {"action_time": "2020-07-01T10:06:48.024Z", "user": 1, "content_type": 14, "object_id": "3", "object_repr": "asd", "action_flag": 3, "change_message": ""}}, {"model": "admin.logentry", "pk": 113, "fields": {"action_time": "2020-07-01T10:08:34.274Z", "user": 1, "content_type": 14, "object_id": "5", "object_repr": "Polovoye vospitanie", "action_flag": 2, "change_message": "[{\"changed\": {\"fields\": [\"Moderation\"]}}]"}}, {"model": "admin.logentry", "pk": 114, "fields": {"action_time": "2020-07-01T11:24:28.858Z", "user": 1, "content_type": 14, "object_id": "6", "object_repr": "asdffdsdsfafsd", "action_flag": 3, "change_message": ""}}, {"model": "admin.logentry", "pk": 115, "fields": {"action_time": "2020-07-01T11:50:52.655Z", "user": 1, "content_type": 14, "object_id": "7", "object_repr": "Parfumer", "action_flag": 2, "change_message": "[{\"changed\": {\"fields\": [\"Moderation\"]}}]"}}, {"model": "admin.logentry", "pk": 116, "fields": {"action_time": "2020-07-04T13:08:44.518Z", "user": 1, "content_type": 4, "object_id": "19", "object_repr": "azatnt", "action_flag": 2, "change_message": "[{\"changed\": {\"fields\": [\"Superuser status\"]}}]"}}, {"model": "admin.logentry", "pk": 117, "fields": {"action_time": "2020-07-04T13:09:01.956Z", "user": 1, "content_type": 4, "object_id": "19", "object_repr": "azatnt", "action_flag": 2, "change_message": "[{\"changed\": {\"fields\": [\"Staff status\"]}}]"}}, {"model": "admin.logentry", "pk": 119, "fields": {"action_time": "2020-07-04T14:26:34.234Z", "user": 1, "content_type": 4, "object_id": "19", "object_repr": "azatnt", "action_flag": 3, "change_message": ""}}, {"model": "admin.logentry", "pk": 120, "fields": {"action_time": "2020-07-04T14:28:10.702Z", "user": 1, "content_type": 4, "object_id": "20", "object_repr": "Report", "action_flag": 1, "change_message": "[{\"added\": {}}]"}}, {"model": "admin.logentry", "pk": 121, "fields": {"action_time": "2020-07-04T14:32:57.673Z", "user": 1, "content_type": 4, "object_id": "20", "object_repr": "Report", "action_flag": 2, "change_message": "[{\"changed\": {\"fields\": [\"Staff status\", \"User permissions\"]}}]"}}, {"model": "admin.logentry", "pk": 122, "fields": {"action_time": "2020-07-04T14:33:25.701Z", "user": 20, "content_type": 15, "object_id": "21", "object_repr": "Polovoye vospitanie-Admin", "action_flag": 2, "change_message": "[{\"changed\": {\"fields\": [\"Content\"]}}]"}}, {"model": "admin.logentry", "pk": 123, "fields": {"action_time": "2020-07-08T13:51:29.390Z", "user": 1, "content_type": 4, "object_id": "21", "object_repr": "Dobro", "action_flag": 1, "change_message": "[{\"added\": {}}]"}}, {"model": "admin.logentry", "pk": 124, "fields": {"action_time": "2020-07-08T13:51:36.218Z", "user": 1, "content_type": 4, "object_id": "21", "object_repr": "Dobro", "action_flag": 3, "change_message": ""}}, {"model": "admin.logentry", "pk": 125, "fields": {"action_time": "2020-07-08T13:54:10.642Z", "user": 1, "content_type": 4, "object_id": "22", "object_repr": "Dobro", "action_flag": 2, "change_message": "[{\"changed\": {\"fields\": [\"User permissions\", \"Staff status\"]}}]"}}, {"model": "admin.logentry", "pk": 126, "fields": {"action_time": "2020-07-08T14:02:47.001Z", "user": 1, "content_type": 4, "object_id": "23", "object_repr": "Video", "action_flag": 2, "change_message": "[{\"changed\": {\"fields\": [\"User permissions\", \"Staff status\"]}}]"}}, {"model": "admin.logentry", "pk": 127, "fields": {"action_time": "2020-07-08T14:06:14.532Z", "user": 23, "content_type": 11, "object_id": "7", "object_repr": "Example", "action_flag": 1, "change_message": "[{\"added\": {}}]"}}, {"model": "admin.logentry", "pk": 128, "fields": {"action_time": "2020-07-08T14:08:53.921Z", "user": 23, "content_type": 11, "object_id": "7", "object_repr": "Example", "action_flag": 2, "change_message": "[{\"changed\": {\"fields\": [\"Image\"]}}]"}}, {"model": "admin.logentry", "pk": 129, "fields": {"action_time": "2020-07-09T13:04:48.163Z", "user": 23, "content_type": 11, "object_id": "7", "object_repr": "Example", "action_flag": 3, "change_message": ""}}, {"model": "admin.logentry", "pk": 130, "fields": {"action_time": "2020-07-09T13:06:11.276Z", "user": 23, "content_type": 11, "object_id": "6", "object_repr": "\u041f\u043e\u043b\u043e\u0432\u043e\u0435 \u0432\u043e\u0441\u043f\u0438\u0442\u0430\u043d\u0438\u0435 \u0432\u0430\u0436\u043d\u043e", "action_flag": 2, "change_message": "[{\"changed\": {\"fields\": [\"Clip\"]}}]"}}, {"model": "admin.logentry", "pk": 131, "fields": {"action_time": "2020-07-09T13:06:40.535Z", "user": 23, "content_type": 11, "object_id": "5", "object_repr": "\u0421\u0442\u0430\u043d\u044c \u043c\u0438\u043d\u0438\u043c\u0430\u043b\u0438\u0441\u0442\u043e\u043c", "action_flag": 2, "change_message": "[{\"changed\": {\"fields\": [\"Clip\"]}}]"}}, {"model": "admin.logentry", "pk": 132, "fields": {"action_time": "2020-07-09T13:07:11.431Z", "user": 23, "content_type": 11, "object_id": "4", "object_repr": "\u0424\u043e\u0442\u043e\u0433\u0440\u0430\u0444\u0438\u0440\u0443\u0435\u043c \u043d\u0430 \u0442\u0435\u043b\u0435\u0444\u043e\u043d", "action_flag": 2, "change_message": "[{\"changed\": {\"fields\": [\"Clip\"]}}]"}}, {"model": "admin.logentry", "pk": 133, "fields": {"action_time": "2020-07-09T13:07:34.061Z", "user": 23, "content_type": 11, "object_id": "3", "object_repr": "\u0414\u0435\u043b\u0430\u0435\u043c \u044d\u043a\u043e-\u0441\u0443\u043c\u043a\u0438 \u0441\u0430\u043c\u0438", "action_flag": 2, "change_message": "[{\"changed\": {\"fields\": [\"Clip\"]}}]"}}, {"model": "admin.logentry", "pk": 134, "fields": {"action_time": "2020-07-09T13:10:47.277Z", "user": 23, "content_type": 11, "object_id": "2", "object_repr": "\u0422\u0432\u043e\u0440\u0447\u0435\u0441\u0442\u0432\u043e \u0432 \u041a\u0430\u0437\u0430\u0445\u0441\u0442\u0430\u043d\u0435", "action_flag": 2, "change_message": "[{\"changed\": {\"fields\": [\"Clip\"]}}]"}}, {"model": "admin.logentry", "pk": 135, "fields": {"action_time": "2020-07-09T13:12:03.560Z", "user": 23, "content_type": 11, "object_id": "1", "object_repr": "\u041a\u0430\u043a \u0431\u044b\u0442\u044c \u044d\u043a\u043e-\u0444\u0440\u0435\u043d\u0434\u043b\u0438?", "action_flag": 2, "change_message": "[{\"changed\": {\"fields\": [\"Clip\"]}}]"}}, {"model": "admin.logentry", "pk": 136, "fields": {"action_time": "2020-07-11T14:09:30.077Z", "user": 1, "content_type": 4, "object_id": "22", "object_repr": "Dobro", "action_flag": 2, "change_message": "[{\"changed\": {\"fields\": [\"User permissions\"]}}]"}}, {"model": "admin.logentry", "pk": 137, "fields": {"action_time": "2020-07-11T14:14:15.774Z", "user": 1, "content_type": 16, "object_id": "1", "object_repr": "Dobro object (1)", "action_flag": 3, "change_message": ""}}, {"model": "admin.logentry", "pk": 138, "fields": {"action_time": "2020-07-11T14:23:27.438Z", "user": 22, "content_type": 16, "object_id": "6", "object_repr": "Dobro object (6)", "action_flag": 3, "change_message": ""}}, {"model": "admin.logentry", "pk": 139, "fields": {"action_time": "2020-07-11T14:23:27.450Z", "user": 22, "content_type": 16, "object_id": "5", "object_repr": "Dobro object (5)", "action_flag": 3, "change_message": ""}}, {"model": "admin.logentry", "pk": 140, "fields": {"action_time": "2020-07-11T14:23:27.453Z", "user": 22, "content_type": 16, "object_id": "4", "object_repr": "Dobro object (4)", "action_flag": 3, "change_message": ""}}, {"model": "admin.logentry", "pk": 141, "fields": {"action_time": "2020-07-11T14:23:27.462Z", "user": 22, "content_type": 16, "object_id": "3", "object_repr": "Dobro object (3)", "action_flag": 3, "change_message": ""}}, {"model": "admin.logentry", "pk": 142, "fields": {"action_time": "2020-07-11T14:23:27.468Z", "user": 22, "content_type": 16, "object_id": "2", "object_repr": "Dobro object (2)", "action_flag": 3, "change_message": ""}}, {"model": "admin.logentry", "pk": 143, "fields": {"action_time": "2020-07-17T08:59:55.437Z", "user": 1, "content_type": 15, "object_id": "73", "object_repr": "Polovoye vospitanie-azatnt", "action_flag": 3, "change_message": ""}}, {"model": "admin.logentry", "pk": 144, "fields": {"action_time": "2020-07-17T08:59:55.441Z", "user": 1, "content_type": 15, "object_id": "72", "object_repr": "\u0427\u0442\u043e \u0442\u0430\u043a\u043e\u0435 \u044d\u043a\u043e\u0444\u0438\u043b\u043e\u0441\u043e\u0444\u0438\u044f?-azatnt", "action_flag": 3, "change_message": ""}}, {"model": "admin.logentry", "pk": 145, "fields": {"action_time": "2020-07-17T08:59:55.443Z", "user": 1, "content_type": 15, "object_id": "71", "object_repr": "\u0427\u0442\u043e \u0442\u0430\u043a\u043e\u0435 \u044d\u043a\u043e\u0444\u0438\u043b\u043e\u0441\u043e\u0444\u0438\u044f?-azatnt", "action_flag": 3, "change_message": ""}}, {"model": "admin.logentry", "pk": 146, "fields": {"action_time": "2020-07-17T08:59:55.446Z", "user": 1, "content_type": 15, "object_id": "59", "object_repr": "\u0427\u0442\u043e \u0442\u0430\u043a\u043e\u0435 \u044d\u043a\u043e\u0444\u0438\u043b\u043e\u0441\u043e\u0444\u0438\u044f?-Admin", "action_flag": 3, "change_message": ""}}, {"model": "admin.logentry", "pk": 147, "fields": {"action_time": "2020-07-17T08:59:55.450Z", "user": 1, "content_type": 15, "object_id": "58", "object_repr": "\u0427\u0442\u043e \u0442\u0430\u043a\u043e\u0435 \u044d\u043a\u043e\u0444\u0438\u043b\u043e\u0441\u043e\u0444\u0438\u044f?-Admin", "action_flag": 3, "change_message": ""}}, {"model": "admin.logentry", "pk": 148, "fields": {"action_time": "2020-07-17T08:59:55.454Z", "user": 1, "content_type": 15, "object_id": "57", "object_repr": "\u0422\u0432\u043e\u0440\u0447\u0435\u0441\u0442\u0432\u043e \u0432 \u041a\u0430\u0437\u0430\u0445\u0441\u0442\u0430\u043d\u0435-Admin", "action_flag": 3, "change_message": ""}}, {"model": "admin.logentry", "pk": 149, "fields": {"action_time": "2020-07-17T08:59:55.457Z", "user": 1, "content_type": 15, "object_id": "56", "object_repr": "\u0422\u0432\u043e\u0440\u0447\u0435\u0441\u0442\u0432\u043e \u0432 \u041a\u0430\u0437\u0430\u0445\u0441\u0442\u0430\u043d\u0435-Admin", "action_flag": 3, "change_message": ""}}, {"model": "admin.logentry", "pk": 150, "fields": {"action_time": "2020-07-17T08:59:55.461Z", "user": 1, "content_type": 15, "object_id": "55", "object_repr": "\u0422\u0432\u043e\u0440\u0447\u0435\u0441\u0442\u0432\u043e \u0432 \u041a\u0430\u0437\u0430\u0445\u0441\u0442\u0430\u043d\u0435-Admin", "action_flag": 3, "change_message": ""}}, {"model": "admin.logentry", "pk": 151, "fields": {"action_time": "2020-07-17T08:59:55.465Z", "user": 1, "content_type": 15, "object_id": "54", "object_repr": "\u0422\u0432\u043e\u0440\u0447\u0435\u0441\u0442\u0432\u043e \u0432 \u041a\u0430\u0437\u0430\u0445\u0441\u0442\u0430\u043d\u0435-Admin", "action_flag": 3, "change_message": ""}}, {"model": "admin.logentry", "pk": 152, "fields": {"action_time": "2020-07-17T08:59:55.469Z", "user": 1, "content_type": 15, "object_id": "53", "object_repr": "\u0422\u0432\u043e\u0440\u0447\u0435\u0441\u0442\u0432\u043e \u0432 \u041a\u0430\u0437\u0430\u0445\u0441\u0442\u0430\u043d\u0435-Admin", "action_flag": 3, "change_message": ""}}, {"model": "admin.logentry", "pk": 153, "fields": {"action_time": "2020-07-17T08:59:55.473Z", "user": 1, "content_type": 15, "object_id": "52", "object_repr": "\u0427\u0442\u043e \u0442\u0430\u043a\u043e\u0435 \u044d\u043a\u043e\u0444\u0438\u043b\u043e\u0441\u043e\u0444\u0438\u044f?-Admin", "action_flag": 3, "change_message": ""}}, {"model": "admin.logentry", "pk": 154, "fields": {"action_time": "2020-07-17T08:59:55.476Z", "user": 1, "content_type": 15, "object_id": "51", "object_repr": "\u0427\u0442\u043e \u0442\u0430\u043a\u043e\u0435 \u044d\u043a\u043e\u0444\u0438\u043b\u043e\u0441\u043e\u0444\u0438\u044f?-Admin", "action_flag": 3, "change_message": ""}}, {"model": "admin.logentry", "pk": 155, "fields": {"action_time": "2020-07-17T08:59:55.479Z", "user": 1, "content_type": 15, "object_id": "50", "object_repr": "\u0427\u0442\u043e \u0442\u0430\u043a\u043e\u0435 \u044d\u043a\u043e\u0444\u0438\u043b\u043e\u0441\u043e\u0444\u0438\u044f?-Admin", "action_flag": 3, "change_message": ""}}, {"model": "admin.logentry", "pk": 156, "fields": {"action_time": "2020-07-17T08:59:55.482Z", "user": 1, "content_type": 15, "object_id": "49", "object_repr": "\u0427\u0442\u043e \u0442\u0430\u043a\u043e\u0435 \u044d\u043a\u043e\u0444\u0438\u043b\u043e\u0441\u043e\u0444\u0438\u044f?-Admin", "action_flag": 3, "change_message": ""}}, {"model": "admin.logentry", "pk": 157, "fields": {"action_time": "2020-07-17T08:59:55.486Z", "user": 1, "content_type": 15, "object_id": "48", "object_repr": "\u0427\u0442\u043e \u0442\u0430\u043a\u043e\u0435 \u044d\u043a\u043e\u0444\u0438\u043b\u043e\u0441\u043e\u0444\u0438\u044f?-Admin", "action_flag": 3, "change_message": ""}}, {"model": "admin.logentry", "pk": 158, "fields": {"action_time": "2020-07-17T08:59:55.490Z", "user": 1, "content_type": 15, "object_id": "47", "object_repr": "\u0427\u0442\u043e \u0442\u0430\u043a\u043e\u0435 \u044d\u043a\u043e\u0444\u0438\u043b\u043e\u0441\u043e\u0444\u0438\u044f?-Admin", "action_flag": 3, "change_message": ""}}, {"model": "admin.logentry", "pk": 159, "fields": {"action_time": "2020-07-17T08:59:55.493Z", "user": 1, "content_type": 15, "object_id": "46", "object_repr": "\u0427\u0442\u043e \u0442\u0430\u043a\u043e\u0435 \u044d\u043a\u043e\u0444\u0438\u043b\u043e\u0441\u043e\u0444\u0438\u044f?-Admin", "action_flag": 3, "change_message": ""}}, {"model": "admin.logentry", "pk": 160, "fields": {"action_time": "2020-07-17T08:59:55.496Z", "user": 1, "content_type": 15, "object_id": "45", "object_repr": "\u0427\u0442\u043e \u0442\u0430\u043a\u043e\u0435 \u044d\u043a\u043e\u0444\u0438\u043b\u043e\u0441\u043e\u0444\u0438\u044f?-Admin", "action_flag": 3, "change_message": ""}}, {"model": "admin.logentry", "pk": 161, "fields": {"action_time": "2020-07-17T08:59:55.500Z", "user": 1, "content_type": 15, "object_id": "44", "object_repr": "\u0427\u0442\u043e \u0442\u0430\u043a\u043e\u0435 \u044d\u043a\u043e\u0444\u0438\u043b\u043e\u0441\u043e\u0444\u0438\u044f?-Admin", "action_flag": 3, "change_message": ""}}, {"model": "admin.logentry", "pk": 162, "fields": {"action_time": "2020-07-17T08:59:55.504Z", "user": 1, "content_type": 15, "object_id": "43", "object_repr": "\u0427\u0442\u043e \u0442\u0430\u043a\u043e\u0435 \u044d\u043a\u043e\u0444\u0438\u043b\u043e\u0441\u043e\u0444\u0438\u044f?-Admin", "action_flag": 3, "change_message": ""}}, {"model": "admin.logentry", "pk": 163, "fields": {"action_time": "2020-07-17T08:59:55.508Z", "user": 1, "content_type": 15, "object_id": "42", "object_repr": "\u0427\u0442\u043e \u0442\u0430\u043a\u043e\u0435 \u044d\u043a\u043e\u0444\u0438\u043b\u043e\u0441\u043e\u0444\u0438\u044f?-Admin", "action_flag": 3, "change_message": ""}}, {"model": "admin.logentry", "pk": 164, "fields": {"action_time": "2020-07-17T08:59:55.511Z", "user": 1, "content_type": 15, "object_id": "41", "object_repr": "\u0427\u0442\u043e \u0442\u0430\u043a\u043e\u0435 \u044d\u043a\u043e\u0444\u0438\u043b\u043e\u0441\u043e\u0444\u0438\u044f?-Admin", "action_flag": 3, "change_message": ""}}, {"model": "admin.logentry", "pk": 165, "fields": {"action_time": "2020-07-17T08:59:55.514Z", "user": 1, "content_type": 15, "object_id": "40", "object_repr": "\u0427\u0442\u043e \u0442\u0430\u043a\u043e\u0435 \u044d\u043a\u043e\u0444\u0438\u043b\u043e\u0441\u043e\u0444\u0438\u044f?-Admin", "action_flag": 3, "change_message": ""}}, {"model": "admin.logentry", "pk": 166, "fields": {"action_time": "2020-07-17T08:59:55.519Z", "user": 1, "content_type": 15, "object_id": "39", "object_repr": "\u0427\u0442\u043e \u0442\u0430\u043a\u043e\u0435 \u044d\u043a\u043e\u0444\u0438\u043b\u043e\u0441\u043e\u0444\u0438\u044f?-Admin", "action_flag": 3, "change_message": ""}}, {"model": "admin.logentry", "pk": 167, "fields": {"action_time": "2020-07-17T08:59:55.523Z", "user": 1, "content_type": 15, "object_id": "38", "object_repr": "\u0427\u0442\u043e \u0442\u0430\u043a\u043e\u0435 \u044d\u043a\u043e\u0444\u0438\u043b\u043e\u0441\u043e\u0444\u0438\u044f?-Admin", "action_flag": 3, "change_message": ""}}, {"model": "admin.logentry", "pk": 168, "fields": {"action_time": "2020-07-17T08:59:55.528Z", "user": 1, "content_type": 15, "object_id": "37", "object_repr": "\u0427\u0442\u043e \u0442\u0430\u043a\u043e\u0435 \u044d\u043a\u043e\u0444\u0438\u043b\u043e\u0441\u043e\u0444\u0438\u044f?-Admin", "action_flag": 3, "change_message": ""}}, {"model": "admin.logentry", "pk": 169, "fields": {"action_time": "2020-07-17T08:59:55.534Z", "user": 1, "content_type": 15, "object_id": "36", "object_repr": "\u0427\u0442\u043e \u0442\u0430\u043a\u043e\u0435 \u044d\u043a\u043e\u0444\u0438\u043b\u043e\u0441\u043e\u0444\u0438\u044f?-Admin", "action_flag": 3, "change_message": ""}}, {"model": "admin.logentry", "pk": 170, "fields": {"action_time": "2020-07-17T08:59:55.537Z", "user": 1, "content_type": 15, "object_id": "35", "object_repr": "\u0427\u0442\u043e \u0442\u0430\u043a\u043e\u0435 \u044d\u043a\u043e\u0444\u0438\u043b\u043e\u0441\u043e\u0444\u0438\u044f?-Admin", "action_flag": 3, "change_message": ""}}, {"model": "admin.logentry", "pk": 171, "fields": {"action_time": "2020-07-17T08:59:55.540Z", "user": 1, "content_type": 15, "object_id": "34", "object_repr": "\u0427\u0442\u043e \u0442\u0430\u043a\u043e\u0435 \u044d\u043a\u043e\u0444\u0438\u043b\u043e\u0441\u043e\u0444\u0438\u044f?-Admin", "action_flag": 3, "change_message": ""}}, {"model": "admin.logentry", "pk": 172, "fields": {"action_time": "2020-07-17T08:59:55.543Z", "user": 1, "content_type": 15, "object_id": "33", "object_repr": "\u0427\u0442\u043e \u0442\u0430\u043a\u043e\u0435 \u044d\u043a\u043e\u0444\u0438\u043b\u043e\u0441\u043e\u0444\u0438\u044f?-Admin", "action_flag": 3, "change_message": ""}}, {"model": "admin.logentry", "pk": 173, "fields": {"action_time": "2020-07-17T08:59:55.558Z", "user": 1, "content_type": 15, "object_id": "32", "object_repr": "\u0427\u0442\u043e \u0442\u0430\u043a\u043e\u0435 \u044d\u043a\u043e\u0444\u0438\u043b\u043e\u0441\u043e\u0444\u0438\u044f?-Admin", "action_flag": 3, "change_message": ""}}, {"model": "admin.logentry", "pk": 174, "fields": {"action_time": "2020-07-17T08:59:55.561Z", "user": 1, "content_type": 15, "object_id": "31", "object_repr": "\u0427\u0442\u043e \u0442\u0430\u043a\u043e\u0435 \u044d\u043a\u043e\u0444\u0438\u043b\u043e\u0441\u043e\u0444\u0438\u044f?-Admin", "action_flag": 3, "change_message": ""}}, {"model": "admin.logentry", "pk": 175, "fields": {"action_time": "2020-07-17T08:59:55.563Z", "user": 1, "content_type": 15, "object_id": "30", "object_repr": "\u0427\u0442\u043e \u0442\u0430\u043a\u043e\u0435 \u044d\u043a\u043e\u0444\u0438\u043b\u043e\u0441\u043e\u0444\u0438\u044f?-Admin", "action_flag": 3, "change_message": ""}}, {"model": "admin.logentry", "pk": 176, "fields": {"action_time": "2020-07-17T08:59:55.567Z", "user": 1, "content_type": 15, "object_id": "29", "object_repr": "\u0427\u0442\u043e \u0442\u0430\u043a\u043e\u0435 \u044d\u043a\u043e\u0444\u0438\u043b\u043e\u0441\u043e\u0444\u0438\u044f?-Admin", "action_flag": 3, "change_message": ""}}, {"model": "admin.logentry", "pk": 177, "fields": {"action_time": "2020-07-17T08:59:55.570Z", "user": 1, "content_type": 15, "object_id": "28", "object_repr": "\u0427\u0442\u043e \u0442\u0430\u043a\u043e\u0435 \u044d\u043a\u043e\u0444\u0438\u043b\u043e\u0441\u043e\u0444\u0438\u044f?-Admin", "action_flag": 3, "change_message": ""}}, {"model": "admin.logentry", "pk": 178, "fields": {"action_time": "2020-07-17T08:59:55.573Z", "user": 1, "content_type": 15, "object_id": "27", "object_repr": "\u0427\u0442\u043e \u0442\u0430\u043a\u043e\u0435 \u044d\u043a\u043e\u0444\u0438\u043b\u043e\u0441\u043e\u0444\u0438\u044f?-Admin", "action_flag": 3, "change_message": ""}}, {"model": "admin.logentry", "pk": 179, "fields": {"action_time": "2020-07-17T08:59:55.577Z", "user": 1, "content_type": 15, "object_id": "26", "object_repr": "\u0427\u0442\u043e \u0442\u0430\u043a\u043e\u0435 \u044d\u043a\u043e\u0444\u0438\u043b\u043e\u0441\u043e\u0444\u0438\u044f?-Admin", "action_flag": 3, "change_message": ""}}, {"model": "admin.logentry", "pk": 180, "fields": {"action_time": "2020-07-17T08:59:55.581Z", "user": 1, "content_type": 15, "object_id": "25", "object_repr": "\u0427\u0442\u043e \u0442\u0430\u043a\u043e\u0435 \u044d\u043a\u043e\u0444\u0438\u043b\u043e\u0441\u043e\u0444\u0438\u044f?-Admin", "action_flag": 3, "change_message": ""}}, {"model": "admin.logentry", "pk": 181, "fields": {"action_time": "2020-07-17T08:59:55.585Z", "user": 1, "content_type": 15, "object_id": "24", "object_repr": "\u0427\u0442\u043e \u0442\u0430\u043a\u043e\u0435 \u044d\u043a\u043e\u0444\u0438\u043b\u043e\u0441\u043e\u0444\u0438\u044f?-Admin", "action_flag": 3, "change_message": ""}}, {"model": "admin.logentry", "pk": 182, "fields": {"action_time": "2020-07-17T08:59:55.589Z", "user": 1, "content_type": 15, "object_id": "23", "object_repr": "\u0427\u0442\u043e \u0442\u0430\u043a\u043e\u0435 \u044d\u043a\u043e\u0444\u0438\u043b\u043e\u0441\u043e\u0444\u0438\u044f?-Admin", "action_flag": 3, "change_message": ""}}, {"model": "admin.logentry", "pk": 183, "fields": {"action_time": "2020-07-17T08:59:55.592Z", "user": 1, "content_type": 15, "object_id": "22", "object_repr": "\u0427\u0442\u043e \u0442\u0430\u043a\u043e\u0435 \u044d\u043a\u043e\u0444\u0438\u043b\u043e\u0441\u043e\u0444\u0438\u044f?-Dobro", "action_flag": 3, "change_message": ""}}, {"model": "admin.logentry", "pk": 184, "fields": {"action_time": "2020-07-17T08:59:55.595Z", "user": 1, "content_type": 15, "object_id": "21", "object_repr": "Polovoye vospitanie-Admin", "action_flag": 3, "change_message": ""}}, {"model": "admin.logentry", "pk": 185, "fields": {"action_time": "2020-07-17T08:59:55.598Z", "user": 1, "content_type": 15, "object_id": "20", "object_repr": "Polovoye vospitanie-Admin", "action_flag": 3, "change_message": ""}}, {"model": "admin.logentry", "pk": 186, "fields": {"action_time": "2020-07-17T08:59:55.603Z", "user": 1, "content_type": 15, "object_id": "17", "object_repr": "\u0427\u0442\u043e \u0442\u0430\u043a\u043e\u0435 \u044d\u043a\u043e\u0444\u0438\u043b\u043e\u0441\u043e\u0444\u0438\u044f?-Admin", "action_flag": 3, "change_message": ""}}, {"model": "admin.logentry", "pk": 187, "fields": {"action_time": "2020-07-17T08:59:55.606Z", "user": 1, "content_type": 15, "object_id": "16", "object_repr": "\u0427\u0442\u043e \u0442\u0430\u043a\u043e\u0435 \u044d\u043a\u043e\u0444\u0438\u043b\u043e\u0441\u043e\u0444\u0438\u044f?-Admin", "action_flag": 3, "change_message": ""}}, {"model": "admin.logentry", "pk": 188, "fields": {"action_time": "2020-07-17T08:59:55.609Z", "user": 1, "content_type": 15, "object_id": "15", "object_repr": "\u0427\u0442\u043e \u0442\u0430\u043a\u043e\u0435 \u044d\u043a\u043e\u0444\u0438\u043b\u043e\u0441\u043e\u0444\u0438\u044f?-Admin", "action_flag": 3, "change_message": ""}}, {"model": "admin.logentry", "pk": 189, "fields": {"action_time": "2020-07-17T08:59:55.613Z", "user": 1, "content_type": 15, "object_id": "14", "object_repr": "\u0427\u0442\u043e \u0442\u0430\u043a\u043e\u0435 \u044d\u043a\u043e\u0444\u0438\u043b\u043e\u0441\u043e\u0444\u0438\u044f?-Admin", "action_flag": 3, "change_message": ""}}, {"model": "admin.logentry", "pk": 190, "fields": {"action_time": "2020-07-17T08:59:55.621Z", "user": 1, "content_type": 15, "object_id": "13", "object_repr": "\u0427\u0442\u043e \u0442\u0430\u043a\u043e\u0435 \u044d\u043a\u043e\u0444\u0438\u043b\u043e\u0441\u043e\u0444\u0438\u044f?-Admin", "action_flag": 3, "change_message": ""}}, {"model": "admin.logentry", "pk": 191, "fields": {"action_time": "2020-07-17T08:59:55.626Z", "user": 1, "content_type": 15, "object_id": "6", "object_repr": "\u0422\u0432\u043e\u0440\u0447\u0435\u0441\u0442\u0432\u043e \u0432 \u041a\u0430\u0437\u0430\u0445\u0441\u0442\u0430\u043d\u0435-Admin", "action_flag": 3, "change_message": ""}}, {"model": "admin.logentry", "pk": 192, "fields": {"action_time": "2020-07-17T08:59:55.629Z", "user": 1, "content_type": 15, "object_id": "5", "object_repr": "\u0427\u0442\u043e \u0442\u0430\u043a\u043e\u0435 \u044d\u043a\u043e\u0444\u0438\u043b\u043e\u0441\u043e\u0444\u0438\u044f?-Admin", "action_flag": 3, "change_message": ""}}, {"model": "admin.logentry", "pk": 193, "fields": {"action_time": "2020-07-17T08:59:55.633Z", "user": 1, "content_type": 15, "object_id": "4", "object_repr": "\u0427\u0442\u043e \u0442\u0430\u043a\u043e\u0435 \u044d\u043a\u043e\u0444\u0438\u043b\u043e\u0441\u043e\u0444\u0438\u044f?-Admin", "action_flag": 3, "change_message": ""}}, {"model": "admin.logentry", "pk": 194, "fields": {"action_time": "2020-07-17T12:45:20.993Z", "user": 1, "content_type": 14, "object_id": "8", "object_repr": "Best place", "action_flag": 2, "change_message": "[{\"changed\": {\"fields\": [\"\\u041f\\u0440\\u043e\\u0432\\u0435\\u0440\\u0435\\u043d\\u043e\"]}}]"}}, {"model": "admin.logentry", "pk": 195, "fields": {"action_time": "2020-07-19T06:55:13.134Z", "user": 20, "content_type": 14, "object_id": "9", "object_repr": "\u041a\u0430\u043a \u044f \u0441\u0442\u0430\u043b \u043c\u0438\u043d\u0438\u043c\u0430\u043b\u0438\u0441\u0442\u043e\u043c", "action_flag": 2, "change_message": "[{\"changed\": {\"fields\": [\"\\u041f\\u0440\\u043e\\u0432\\u0435\\u0440\\u0435\\u043d\\u043e\"]}}]"}}, {"model": "admin.logentry", "pk": 196, "fields": {"action_time": "2020-07-19T07:01:23.423Z", "user": 1, "content_type": 4, "object_id": "25", "object_repr": "kana_12", "action_flag": 3, "change_message": ""}}, {"model": "admin.logentry", "pk": 197, "fields": {"action_time": "2020-07-19T07:04:05.560Z", "user": 20, "content_type": 14, "object_id": "10", "object_repr": "Tvorchestvo", "action_flag": 2, "change_message": "[{\"changed\": {\"fields\": [\"\\u041f\\u0440\\u043e\\u0432\\u0435\\u0440\\u0435\\u043d\\u043e\"]}}]"}}, {"model": "admin.logentry", "pk": 198, "fields": {"action_time": "2020-09-24T10:35:56.614Z", "user": 1, "content_type": 14, "object_id": "1", "object_repr": "\u0427\u0442\u043e \u0442\u0430\u043a\u043e\u0435 \u044d\u043a\u043e\u0444\u0438\u043b\u043e\u0441\u043e\u0444\u0438\u044f?", "action_flag": 2, "change_message": "[{\"changed\": {\"fields\": [\"Image\"]}}]"}}, {"model": "admin.logentry", "pk": 199, "fields": {"action_time": "2020-09-24T10:37:32.454Z", "user": 1, "content_type": 14, "object_id": "1", "object_repr": "\u0427\u0442\u043e \u0442\u0430\u043a\u043e\u0435 \u044d\u043a\u043e\u0444\u0438\u043b\u043e\u0441\u043e\u0444\u0438\u044f?", "action_flag": 2, "change_message": "[{\"changed\": {\"fields\": [\"Image\"]}}]"}}, {"model": "admin.logentry", "pk": 200, "fields": {"action_time": "2020-09-24T10:38:19.332Z", "user": 1, "content_type": 14, "object_id": "2", "object_repr": "\u0422\u0432\u043e\u0440\u0447\u0435\u0441\u0442\u0432\u043e \u0432 \u041a\u0430\u0437\u0430\u0445\u0441\u0442\u0430\u043d\u0435", "action_flag": 3, "change_message": ""}}, {"model": "admin.logentry", "pk": 201, "fields": {"action_time": "2020-09-24T10:38:28.705Z", "user": 1, "content_type": 14, "object_id": "1", "object_repr": "\u0427\u0442\u043e \u0442\u0430\u043a\u043e\u0435 \u044d\u043a\u043e\u0444\u0438\u043b\u043e\u0441\u043e\u0444\u0438\u044f?", "action_flag": 3, "change_message": ""}}, {"model": "admin.logentry", "pk": 202, "fields": {"action_time": "2020-09-24T10:42:25.091Z", "user": 1, "content_type": 14, "object_id": "11", "object_repr": "\u041a\u0430\u043a \u0431\u044b\u0442\u044c \u044d\u043a\u043e-\u0444\u0440\u0435\u043d\u0434\u043b\u0438?", "action_flag": 1, "change_message": "[{\"added\": {}}]"}}, {"model": "admin.logentry", "pk": 203, "fields": {"action_time": "2020-09-24T10:43:58.361Z", "user": 1, "content_type": 14, "object_id": "11", "object_repr": "\u041a\u0430\u043a \u0431\u044b\u0442\u044c \u044d\u043a\u043e-\u0444\u0440\u0435\u043d\u0434\u043b\u0438?", "action_flag": 2, "change_message": "[]"}}, {"model": "admin.logentry", "pk": 204, "fields": {"action_time": "2020-09-24T10:45:37.170Z", "user": 1, "content_type": 11, "object_id": "1", "object_repr": "\u041a\u0430\u043a \u0431\u044b\u0442\u044c \u044d\u043a\u043e-\u0444\u0440\u0435\u043d\u0434\u043b\u0438?", "action_flag": 2, "change_message": "[{\"changed\": {\"fields\": [\"Image\"]}}]"}}, {"model": "admin.logentry", "pk": 205, "fields": {"action_time": "2020-09-24T10:45:58.674Z", "user": 1, "content_type": 11, "object_id": "1", "object_repr": "\u041a\u0430\u043a \u0431\u044b\u0442\u044c \u044d\u043a\u043e-\u0444\u0440\u0435\u043d\u0434\u043b\u0438?", "action_flag": 2, "change_message": "[{\"changed\": {\"fields\": [\"Image\"]}}]"}}, {"model": "admin.logentry", "pk": 206, "fields": {"action_time": "2020-09-24T11:07:46.050Z", "user": 1, "content_type": 11, "object_id": "1", "object_repr": "\u041a\u0430\u043a \u0431\u044b\u0442\u044c \u044d\u043a\u043e-\u0444\u0440\u0435\u043d\u0434\u043b\u0438?", "action_flag": 2, "change_message": "[{\"changed\": {\"fields\": [\"Image\"]}}]"}}, {"model": "admin.logentry", "pk": 207, "fields": {"action_time": "2020-09-24T11:08:26.320Z", "user": 1, "content_type": 11, "object_id": "1", "object_repr": "\u041a\u0430\u043a \u0431\u044b\u0442\u044c \u044d\u043a\u043e-\u0444\u0440\u0435\u043d\u0434\u043b\u0438?", "action_flag": 2, "change_message": "[{\"changed\": {\"fields\": [\"Image\"]}}]"}}, {"model": "admin.logentry", "pk": 208, "fields": {"action_time": "2020-09-24T11:14:13.015Z", "user": 1, "content_type": 11, "object_id": "2", "object_repr": "\u0422\u0432\u043e\u0440\u0447\u0435\u0441\u0442\u0432\u043e \u0432 \u041a\u0430\u0437\u0430\u0445\u0441\u0442\u0430\u043d\u0435", "action_flag": 2, "change_message": "[{\"changed\": {\"fields\": [\"Image\"]}}]"}}, {"model": "admin.logentry", "pk": 209, "fields": {"action_time": "2020-09-24T11:14:58.456Z", "user": 1, "content_type": 11, "object_id": "2", "object_repr": "\u0422\u0432\u043e\u0440\u0447\u0435\u0441\u0442\u0432\u043e \u0432 \u041a\u0430\u0437\u0430\u0445\u0441\u0442\u0430\u043d\u0435", "action_flag": 2, "change_message": "[{\"changed\": {\"fields\": [\"Image\"]}}]"}}, {"model": "admin.logentry", "pk": 210, "fields": {"action_time": "2020-09-24T11:23:37.951Z", "user": 1, "content_type": 11, "object_id": "3", "object_repr": "\u0414\u0435\u043b\u0430\u0435\u043c \u044d\u043a\u043e-\u0441\u0443\u043c\u043a\u0438 \u0441\u0430\u043c\u0438", "action_flag": 2, "change_message": "[{\"changed\": {\"fields\": [\"Image\"]}}]"}}, {"model": "admin.logentry", "pk": 211, "fields": {"action_time": "2020-09-24T11:23:57.749Z", "user": 1, "content_type": 11, "object_id": "3", "object_repr": "\u0414\u0435\u043b\u0430\u0435\u043c \u044d\u043a\u043e-\u0441\u0443\u043c\u043a\u0438 \u0441\u0430\u043c\u0438", "action_flag": 2, "change_message": "[{\"changed\": {\"fields\": [\"Image\"]}}]"}}, {"model": "admin.logentry", "pk": 212, "fields": {"action_time": "2020-09-24T12:08:43.060Z", "user": 1, "content_type": 11, "object_id": "1", "object_repr": "\u041a\u0430\u043a \u0431\u044b\u0442\u044c \u044d\u043a\u043e-\u0444\u0440\u0435\u043d\u0434\u043b\u0438?", "action_flag": 2, "change_message": "[{\"changed\": {\"fields\": [\"Image\"]}}]"}}, {"model": "admin.logentry", "pk": 213, "fields": {"action_time": "2020-09-24T12:09:10.086Z", "user": 1, "content_type": 11, "object_id": "1", "object_repr": "\u041a\u0430\u043a \u0431\u044b\u0442\u044c \u044d\u043a\u043e-\u0444\u0440\u0435\u043d\u0434\u043b\u0438?", "action_flag": 2, "change_message": "[{\"changed\": {\"fields\": [\"Image\"]}}]"}}, {"model": "admin.logentry", "pk": 214, "fields": {"action_time": "2020-09-24T12:14:03.243Z", "user": 1, "content_type": 11, "object_id": "3", "object_repr": "\u0414\u0435\u043b\u0430\u0435\u043c \u044d\u043a\u043e-\u0441\u0443\u043c\u043a\u0438 \u0441\u0430\u043c\u0438", "action_flag": 2, "change_message": "[{\"changed\": {\"fields\": [\"Image\"]}}]"}}, {"model": "admin.logentry", "pk": 215, "fields": {"action_time": "2020-09-24T12:14:32.513Z", "user": 1, "content_type": 11, "object_id": "2", "object_repr": "\u0422\u0432\u043e\u0440\u0447\u0435\u0441\u0442\u0432\u043e \u0432 \u041a\u0430\u0437\u0430\u0445\u0441\u0442\u0430\u043d\u0435", "action_flag": 2, "change_message": "[{\"changed\": {\"fields\": [\"Image\"]}}]"}}, {"model": "admin.logentry", "pk": 216, "fields": {"action_time": "2020-09-24T12:14:42.956Z", "user": 1, "content_type": 11, "object_id": "2", "object_repr": "\u0422\u0432\u043e\u0440\u0447\u0435\u0441\u0442\u0432\u043e \u0432 \u041a\u0430\u0437\u0430\u0445\u0441\u0442\u0430\u043d\u0435", "action_flag": 2, "change_message": "[{\"changed\": {\"fields\": [\"Image\"]}}]"}}, {"model": "admin.logentry", "pk": 217, "fields": {"action_time": "2020-09-24T12:14:55.758Z", "user": 1, "content_type": 11, "object_id": "3", "object_repr": "\u0414\u0435\u043b\u0430\u0435\u043c \u044d\u043a\u043e-\u0441\u0443\u043c\u043a\u0438 \u0441\u0430\u043c\u0438", "action_flag": 2, "change_message": "[{\"changed\": {\"fields\": [\"Image\"]}}]"}}, {"model": "admin.logentry", "pk": 218, "fields": {"action_time": "2020-09-24T12:15:46.704Z", "user": 1, "content_type": 11, "object_id": "1", "object_repr": "\u041a\u0430\u043a \u0431\u044b\u0442\u044c \u044d\u043a\u043e-\u0444\u0440\u0435\u043d\u0434\u043b\u0438?", "action_flag": 2, "change_message": "[{\"changed\": {\"fields\": [\"Image\"]}}]"}}, {"model": "admin.logentry", "pk": 219, "fields": {"action_time": "2020-09-24T12:16:03.247Z", "user": 1, "content_type": 11, "object_id": "1", "object_repr": "\u041a\u0430\u043a \u0431\u044b\u0442\u044c \u044d\u043a\u043e-\u0444\u0440\u0435\u043d\u0434\u043b\u0438?", "action_flag": 2, "change_message": "[{\"changed\": {\"fields\": [\"Image\"]}}]"}}, {"model": "admin.logentry", "pk": 220, "fields": {"action_time": "2020-09-24T12:27:55.212Z", "user": 1, "content_type": 11, "object_id": "4", "object_repr": "\u0424\u043e\u0442\u043e\u0433\u0440\u0430\u0444\u0438\u0440\u0443\u0435\u043c \u043d\u0430 \u0442\u0435\u043b\u0435\u0444\u043e\u043d", "action_flag": 2, "change_message": "[{\"changed\": {\"fields\": [\"Image\"]}}]"}}, {"model": "admin.logentry", "pk": 221, "fields": {"action_time": "2020-09-24T12:28:09.530Z", "user": 1, "content_type": 11, "object_id": "4", "object_repr": "\u0424\u043e\u0442\u043e\u0433\u0440\u0430\u0444\u0438\u0440\u0443\u0435\u043c \u043d\u0430 \u0442\u0435\u043b\u0435\u0444\u043e\u043d", "action_flag": 2, "change_message": "[{\"changed\": {\"fields\": [\"Image\"]}}]"}}, {"model": "admin.logentry", "pk": 222, "fields": {"action_time": "2020-09-24T12:33:03.570Z", "user": 1, "content_type": 11, "object_id": "5", "object_repr": "\u0421\u0442\u0430\u043d\u044c \u043c\u0438\u043d\u0438\u043c\u0430\u043b\u0438\u0441\u0442\u043e\u043c", "action_flag": 2, "change_message": "[{\"changed\": {\"fields\": [\"Image\"]}}]"}}, {"model": "admin.logentry", "pk": 223, "fields": {"action_time": "2020-09-24T12:33:23.066Z", "user": 1, "content_type": 11, "object_id": "5", "object_repr": "\u0421\u0442\u0430\u043d\u044c \u043c\u0438\u043d\u0438\u043c\u0430\u043b\u0438\u0441\u0442\u043e\u043c", "action_flag": 2, "change_message": "[{\"changed\": {\"fields\": [\"Image\"]}}]"}}, {"model": "admin.logentry", "pk": 224, "fields": {"action_time": "2020-09-24T12:36:46.469Z", "user": 1, "content_type": 11, "object_id": "5", "object_repr": "\u0421\u0442\u0430\u043d\u044c \u043c\u0438\u043d\u0438\u043c\u0430\u043b\u0438\u0441\u0442\u043e\u043c", "action_flag": 2, "change_message": "[{\"changed\": {\"fields\": [\"Image\"]}}]"}}, {"model": "admin.logentry", "pk": 225, "fields": {"action_time": "2020-09-24T12:37:24.306Z", "user": 1, "content_type": 11, "object_id": "5", "object_repr": "\u0421\u0442\u0430\u043d\u044c \u043c\u0438\u043d\u0438\u043c\u0430\u043b\u0438\u0441\u0442\u043e\u043c", "action_flag": 2, "change_message": "[{\"changed\": {\"fields\": [\"Image\"]}}]"}}, {"model": "admin.logentry", "pk": 226, "fields": {"action_time": "2020-09-24T12:38:51.829Z", "user": 1, "content_type": 11, "object_id": "5", "object_repr": "\u0421\u0442\u0430\u043d\u044c \u043c\u0438\u043d\u0438\u043c\u0430\u043b\u0438\u0441\u0442\u043e\u043c", "action_flag": 2, "change_message": "[{\"changed\": {\"fields\": [\"Image\"]}}]"}}, {"model": "admin.logentry", "pk": 227, "fields": {"action_time": "2020-09-24T12:39:13.214Z", "user": 1, "content_type": 11, "object_id": "5", "object_repr": "\u0421\u0442\u0430\u043d\u044c \u043c\u0438\u043d\u0438\u043c\u0430\u043b\u0438\u0441\u0442\u043e\u043c", "action_flag": 2, "change_message": "[{\"changed\": {\"fields\": [\"Image\"]}}]"}}, {"model": "admin.logentry", "pk": 228, "fields": {"action_time": "2020-09-24T12:44:05.365Z", "user": 1, "content_type": 11, "object_id": "6", "object_repr": "\u041f\u043e\u043b\u043e\u0432\u043e\u0435 \u0432\u043e\u0441\u043f\u0438\u0442\u0430\u043d\u0438\u0435 \u0432\u0430\u0436\u043d\u043e", "action_flag": 2, "change_message": "[{\"changed\": {\"fields\": [\"Image\"]}}]"}}, {"model": "admin.logentry", "pk": 229, "fields": {"action_time": "2020-09-24T12:44:24.940Z", "user": 1, "content_type": 11, "object_id": "6", "object_repr": "\u041f\u043e\u043b\u043e\u0432\u043e\u0435 \u0432\u043e\u0441\u043f\u0438\u0442\u0430\u043d\u0438\u0435 \u0432\u0430\u0436\u043d\u043e", "action_flag": 2, "change_message": "[{\"changed\": {\"fields\": [\"Image\"]}}]"}}, {"model": "admin.logentry", "pk": 230, "fields": {"action_time": "2020-09-25T12:35:29.307Z", "user": 1, "content_type": 14, "object_id": "11", "object_repr": "\u041a\u0430\u043a \u0431\u044b\u0442\u044c \u044d\u043a\u043e-\u0444\u0440\u0435\u043d\u0434\u043b\u0438?", "action_flag": 2, "change_message": "[{\"changed\": {\"fields\": [\"Image\"]}}]"}}, {"model": "admin.logentry", "pk": 231, "fields": {"action_time": "2020-09-25T12:35:58.682Z", "user": 1, "content_type": 14, "object_id": "11", "object_repr": "\u041a\u0430\u043a \u0431\u044b\u0442\u044c \u044d\u043a\u043e-\u0444\u0440\u0435\u043d\u0434\u043b\u0438?", "action_flag": 2, "change_message": "[{\"changed\": {\"fields\": [\"Image\"]}}]"}}, {"model": "admin.logentry", "pk": 232, "fields": {"action_time": "2020-09-25T12:44:12.775Z", "user": 1, "content_type": 14, "object_id": "10", "object_repr": "Tvorchestvo", "action_flag": 2, "change_message": "[{\"changed\": {\"fields\": [\"\\u041f\\u0440\\u043e\\u0432\\u0435\\u0440\\u0435\\u043d\\u043e\"]}}]"}}, {"model": "admin.logentry", "pk": 233, "fields": {"action_time": "2020-09-25T12:44:19.264Z", "user": 1, "content_type": 14, "object_id": "9", "object_repr": "\u041a\u0430\u043a \u044f \u0441\u0442\u0430\u043b \u043c\u0438\u043d\u0438\u043c\u0430\u043b\u0438\u0441\u0442\u043e\u043c", "action_flag": 2, "change_message": "[{\"changed\": {\"fields\": [\"\\u041f\\u0440\\u043e\\u0432\\u0435\\u0440\\u0435\\u043d\\u043e\"]}}]"}}, {"model": "admin.logentry", "pk": 234, "fields": {"action_time": "2020-09-25T12:44:27.020Z", "user": 1, "content_type": 14, "object_id": "8", "object_repr": "Best place", "action_flag": 2, "change_message": "[{\"changed\": {\"fields\": [\"\\u041f\\u0440\\u043e\\u0432\\u0435\\u0440\\u0435\\u043d\\u043e\"]}}]"}}, {"model": "admin.logentry", "pk": 235, "fields": {"action_time": "2020-09-25T12:44:32.265Z", "user": 1, "content_type": 14, "object_id": "5", "object_repr": "Polovoye vospitanie", "action_flag": 2, "change_message": "[{\"changed\": {\"fields\": [\"\\u041f\\u0440\\u043e\\u0432\\u0435\\u0440\\u0435\\u043d\\u043e\"]}}]"}}, {"model": "admin.logentry", "pk": 236, "fields": {"action_time": "2020-09-25T12:46:45.212Z", "user": 1, "content_type": 14, "object_id": "10", "object_repr": "Tvorchestvo", "action_flag": 2, "change_message": "[{\"changed\": {\"fields\": [\"Image\", \"\\u041f\\u0440\\u043e\\u0432\\u0435\\u0440\\u0435\\u043d\\u043e\"]}}]"}}, {"model": "admin.logentry", "pk": 237, "fields": {"action_time": "2020-09-25T12:46:55.378Z", "user": 1, "content_type": 14, "object_id": "9", "object_repr": "\u041a\u0430\u043a \u044f \u0441\u0442\u0430\u043b \u043c\u0438\u043d\u0438\u043c\u0430\u043b\u0438\u0441\u0442\u043e\u043c", "action_flag": 2, "change_message": "[{\"changed\": {\"fields\": [\"Image\", \"\\u041f\\u0440\\u043e\\u0432\\u0435\\u0440\\u0435\\u043d\\u043e\"]}}]"}}, {"model": "admin.logentry", "pk": 238, "fields": {"action_time": "2020-09-25T12:47:09.710Z", "user": 1, "content_type": 14, "object_id": "8", "object_repr": "Best place", "action_flag": 2, "change_message": "[{\"changed\": {\"fields\": [\"Image\", \"\\u041f\\u0440\\u043e\\u0432\\u0435\\u0440\\u0435\\u043d\\u043e\"]}}]"}}, {"model": "admin.logentry", "pk": 239, "fields": {"action_time": "2020-09-26T09:39:22.004Z", "user": 1, "content_type": 14, "object_id": "5", "object_repr": "Polovoye vospitanie", "action_flag": 2, "change_message": "[]"}}, {"model": "admin.logentry", "pk": 240, "fields": {"action_time": "2020-09-26T09:40:31.134Z", "user": 1, "content_type": 14, "object_id": "5", "object_repr": "Polovoye vospitanie", "action_flag": 2, "change_message": "[{\"changed\": {\"fields\": [\"Image\"]}}]"}}, {"model": "admin.logentry", "pk": 241, "fields": {"action_time": "2020-09-26T09:42:09.356Z", "user": 1, "content_type": 14, "object_id": "5", "object_repr": "Polovoye vospitanie", "action_flag": 2, "change_message": "[{\"changed\": {\"fields\": [\"\\u041f\\u0440\\u043e\\u0432\\u0435\\u0440\\u0435\\u043d\\u043e\"]}}]"}}, {"model": "admin.logentry", "pk": 242, "fields": {"action_time": "2020-09-26T09:58:59.274Z", "user": 1, "content_type": 14, "object_id": "11", "object_repr": "\u041a\u0430\u043a \u0431\u044b\u0442\u044c \u044d\u043a\u043e-\u0444\u0440\u0435\u043d\u0434\u043b\u0438?", "action_flag": 2, "change_message": "[{\"changed\": {\"fields\": [\"Image\"]}}]"}}, {"model": "admin.logentry", "pk": 243, "fields": {"action_time": "2020-09-26T09:59:04.600Z", "user": 1, "content_type": 14, "object_id": "10", "object_repr": "Tvorchestvo", "action_flag": 2, "change_message": "[{\"changed\": {\"fields\": [\"Image\"]}}]"}}, {"model": "admin.logentry", "pk": 244, "fields": {"action_time": "2020-09-26T09:59:09.240Z", "user": 1, "content_type": 14, "object_id": "9", "object_repr": "\u041a\u0430\u043a \u044f \u0441\u0442\u0430\u043b \u043c\u0438\u043d\u0438\u043c\u0430\u043b\u0438\u0441\u0442\u043e\u043c", "action_flag": 2, "change_message": "[{\"changed\": {\"fields\": [\"Image\"]}}]"}}, {"model": "admin.logentry", "pk": 245, "fields": {"action_time": "2020-09-26T09:59:13.359Z", "user": 1, "content_type": 14, "object_id": "9", "object_repr": "\u041a\u0430\u043a \u044f \u0441\u0442\u0430\u043b \u043c\u0438\u043d\u0438\u043c\u0430\u043b\u0438\u0441\u0442\u043e\u043c", "action_flag": 2, "change_message": "[]"}}, {"model": "admin.logentry", "pk": 246, "fields": {"action_time": "2020-09-26T09:59:18.855Z", "user": 1, "content_type": 14, "object_id": "8", "object_repr": "Best place", "action_flag": 2, "change_message": "[{\"changed\": {\"fields\": [\"Image\"]}}]"}}, {"model": "admin.logentry", "pk": 247, "fields": {"action_time": "2020-09-26T09:59:23.808Z", "user": 1, "content_type": 14, "object_id": "5", "object_repr": "Polovoye vospitanie", "action_flag": 2, "change_message": "[{\"changed\": {\"fields\": [\"Image\"]}}]"}}, {"model": "admin.logentry", "pk": 248, "fields": {"action_time": "2020-09-26T10:10:52.499Z", "user": 1, "content_type": 14, "object_id": "11", "object_repr": "\u0411\u0438\u0437\u043d\u0435\u0441 \u0432 20", "action_flag": 2, "change_message": "[{\"changed\": {\"fields\": [\"Title\"]}}]"}}, {"model": "admin.logentry", "pk": 249, "fields": {"action_time": "2020-09-26T10:11:13.805Z", "user": 1, "content_type": 14, "object_id": "10", "object_repr": "\u041f\u0443\u0441\u0442\u0430\u044f \u0442\u0440\u0430\u0442\u0430 \u0432\u0440\u0435\u043c\u0435\u043d\u0438", "action_flag": 2, "change_message": "[{\"changed\": {\"fields\": [\"Title\"]}}]"}}, {"model": "admin.logentry", "pk": 250, "fields": {"action_time": "2020-09-26T10:12:06.570Z", "user": 1, "content_type": 14, "object_id": "9", "object_repr": "\u0417\u0434\u043e\u0440\u043e\u0432\u0430\u044f \u0435\u0434\u0430", "action_flag": 2, "change_message": "[{\"changed\": {\"fields\": [\"Title\"]}}]"}}, {"model": "admin.logentry", "pk": 251, "fields": {"action_time": "2020-09-26T10:13:26.438Z", "user": 1, "content_type": 14, "object_id": "8", "object_repr": "\u041a\u0430\u043a \u043d\u0430\u0439\u0442\u0438 \u043f\u0440\u0430\u0432\u0438\u043b\u044c\u043d\u044b\u0445 \u0434\u0440\u0443\u0437\u0435\u0439?", "action_flag": 2, "change_message": "[{\"changed\": {\"fields\": [\"Title\"]}}]"}}, {"model": "admin.logentry", "pk": 252, "fields": {"action_time": "2020-09-26T10:17:27.350Z", "user": 1, "content_type": 14, "object_id": "5", "object_repr": "\u041a\u0430\u043a \u043f\u0435\u0440\u0435\u0434\u0435\u043b\u0430\u0442\u044c \u0441\u0432\u043e\u044e \u043a\u043e\u043c\u043d\u0430\u0442\u0443?", "action_flag": 2, "change_message": "[{\"changed\": {\"fields\": [\"Title\"]}}]"}}, {"model": "admin.logentry", "pk": 253, "fields": {"action_time": "2020-09-26T10:27:51.360Z", "user": 1, "content_type": 14, "object_id": "11", "object_repr": "\u0411\u0438\u0437\u043d\u0435\u0441 \u0432 20", "action_flag": 2, "change_message": "[{\"changed\": {\"fields\": [\"Image\"]}}]"}}, {"model": "admin.logentry", "pk": 254, "fields": {"action_time": "2020-09-26T10:28:18.026Z", "user": 1, "content_type": 14, "object_id": "10", "object_repr": "\u041f\u0443\u0441\u0442\u0430\u044f \u0442\u0440\u0430\u0442\u0430 \u0432\u0440\u0435\u043c\u0435\u043d\u0438", "action_flag": 2, "change_message": "[{\"changed\": {\"fields\": [\"Image\"]}}]"}}, {"model": "admin.logentry", "pk": 255, "fields": {"action_time": "2020-09-26T10:28:28.793Z", "user": 1, "content_type": 14, "object_id": "9", "object_repr": "\u0417\u0434\u043e\u0440\u043e\u0432\u0430\u044f \u0435\u0434\u0430", "action_flag": 2, "change_message": "[{\"changed\": {\"fields\": [\"Image\"]}}]"}}, {"model": "admin.logentry", "pk": 256, "fields": {"action_time": "2020-09-26T10:28:39.017Z", "user": 1, "content_type": 14, "object_id": "8", "object_repr": "\u041a\u0430\u043a \u043d\u0430\u0439\u0442\u0438 \u043f\u0440\u0430\u0432\u0438\u043b\u044c\u043d\u044b\u0445 \u0434\u0440\u0443\u0437\u0435\u0439?", "action_flag": 2, "change_message": "[{\"changed\": {\"fields\": [\"Image\"]}}]"}}, {"model": "admin.logentry", "pk": 257, "fields": {"action_time": "2020-09-26T10:28:52.673Z", "user": 1, "content_type": 14, "object_id": "5", "object_repr": "\u041a\u0430\u043a \u043f\u0435\u0440\u0435\u0434\u0435\u043b\u0430\u0442\u044c \u0441\u0432\u043e\u044e \u043a\u043e\u043c\u043d\u0430\u0442\u0443?", "action_flag": 2, "change_message": "[{\"changed\": {\"fields\": [\"Image\"]}}]"}}, {"model": "admin.logentry", "pk": 258, "fields": {"action_time": "2020-09-28T10:50:33.621Z", "user": 1, "content_type": 14, "object_id": "5", "object_repr": "\u041a\u0430\u043a \u043f\u0435\u0440\u0435\u0434\u0435\u043b\u0430\u0442\u044c \u0441\u0432\u043e\u044e \u043a\u043e\u043c\u043d\u0430\u0442\u0443?", "action_flag": 2, "change_message": "[{\"changed\": {\"fields\": [\"Body\"]}}]"}}, {"model": "admin.logentry", "pk": 259, "fields": {"action_time": "2020-09-28T10:51:07.680Z", "user": 1, "content_type": 14, "object_id": "5", "object_repr": "\u041a\u0430\u043a \u043f\u0435\u0440\u0435\u0434\u0435\u043b\u0430\u0442\u044c \u0441\u0432\u043e\u044e \u043a\u043e\u043c\u043d\u0430\u0442\u0443?", "action_flag": 2, "change_message": "[{\"changed\": {\"fields\": [\"Body\"]}}]"}}, {"model": "admin.logentry", "pk": 260, "fields": {"action_time": "2020-12-25T15:04:25.247Z", "user": 1, "content_type": 14, "object_id": "11", "object_repr": "\u0411\u0438\u0437\u043d\u0435\u0441 \u0432 20", "action_flag": 2, "change_message": "[{\"changed\": {\"fields\": [\"Genre\"]}}]"}}, {"model": "admin.logentry", "pk": 261, "fields": {"action_time": "2020-12-25T15:06:05.683Z", "user": 1, "content_type": 14, "object_id": "11", "object_repr": "\u0411\u0438\u0437\u043d\u0435\u0441 \u0432 20", "action_flag": 2, "change_message": "[{\"changed\": {\"fields\": [\"Genre\"]}}]"}}, {"model": "admin.logentry", "pk": 262, "fields": {"action_time": "2020-12-25T19:22:40.679Z", "user": 1, "content_type": 12, "object_id": "6", "object_repr": "\u0424\u0438\u043d-uhfvjnyjcnm", "action_flag": 1, "change_message": "[{\"added\": {}}]"}}, {"model": "admin.logentry", "pk": 263, "fields": {"action_time": "2020-12-25T19:23:04.266Z", "user": 1, "content_type": 12, "object_id": "6", "object_repr": "\u0424\u0438\u043d-\u0433\u0440\u0430\u043c\u043e\u0442\u043d\u043e\u0441\u0442\u044c", "action_flag": 2, "change_message": "[{\"changed\": {\"fields\": [\"Name\", \"Slug\"]}}]"}}, {"model": "admin.logentry", "pk": 264, "fields": {"action_time": "2020-12-25T19:36:18.446Z", "user": 1, "content_type": 11, "object_id": "8", "object_repr": "\u041a\u0430\u043a \u0441\u043e\u0437\u0434\u0430\u0442\u044c \u0441\u0442\u0430\u0440\u0442\u0430\u043f \u0432 \u041a\u0430\u0437\u0430\u0445\u0441\u0442\u0430\u043d\u0435?", "action_flag": 1, "change_message": "[{\"added\": {}}]"}}, {"model": "admin.logentry", "pk": 265, "fields": {"action_time": "2020-12-25T19:52:55.916Z", "user": 1, "content_type": 12, "object_id": "6", "object_repr": "\u0424\u0438\u043d-\u0433\u0440\u0430\u043c\u043e\u0442\u043d\u043e\u0441\u0442\u044c", "action_flag": 3, "change_message": ""}}, {"model": "admin.logentry", "pk": 266, "fields": {"action_time": "2020-12-25T19:53:06.841Z", "user": 1, "content_type": 12, "object_id": "7", "object_repr": "\u0424\u0438\u043d-\u0433\u0440\u0430\u043c\u043e\u0442\u043d\u043e\u0441\u0442\u044c", "action_flag": 1, "change_message": "[{\"added\": {}}]"}}, {"model": "admin.logentry", "pk": 267, "fields": {"action_time": "2020-12-25T19:54:18.343Z", "user": 1, "content_type": 11, "object_id": "9", "object_repr": "\u041a\u0430\u043a \u0441\u043e\u0437\u0434\u0430\u0442\u044c \u0441\u0442\u0430\u0440\u0442\u0430\u043f \u0432 \u041a\u0430\u0437\u0430\u0445\u0441\u0442\u0430\u043d\u0435?", "action_flag": 1, "change_message": "[{\"added\": {}}]"}}, {"model": "admin.logentry", "pk": 268, "fields": {"action_time": "2020-12-25T19:58:42.943Z", "user": 1, "content_type": 11, "object_id": "9", "object_repr": "\u041a\u0430\u043a \u0441\u043e\u0437\u0434\u0430\u0442\u044c \u0441\u0442\u0430\u0440\u0442\u0430\u043f \u0432 \u041a\u0430\u0437\u0430\u0445\u0441\u0442\u0430\u043d\u0435?", "action_flag": 2, "change_message": "[{\"changed\": {\"fields\": [\"Image\"]}}]"}}, {"model": "admin.logentry", "pk": 269, "fields": {"action_time": "2020-12-25T19:58:53.331Z", "user": 1, "content_type": 11, "object_id": "9", "object_repr": "\u041a\u0430\u043a \u0441\u043e\u0437\u0434\u0430\u0442\u044c \u0441\u0442\u0430\u0440\u0442\u0430\u043f \u0432 \u041a\u0430\u0437\u0430\u0445\u0441\u0442\u0430\u043d\u0435?", "action_flag": 2, "change_message": "[{\"changed\": {\"fields\": [\"Image\"]}}]"}}, {"model": "admin.logentry", "pk": 270, "fields": {"action_time": "2020-12-25T19:59:13.810Z", "user": 1, "content_type": 11, "object_id": "9", "object_repr": "\u041a\u0430\u043a \u0441\u043e\u0437\u0434\u0430\u0442\u044c \u0441\u0442\u0430\u0440\u0442\u0430\u043f \u0432 \u041a\u0430\u0437\u0430\u0445\u0441\u0442\u0430\u043d\u0435?", "action_flag": 2, "change_message": "[{\"changed\": {\"fields\": [\"Image\"]}}]"}}, {"model": "admin.logentry", "pk": 271, "fields": {"action_time": "2020-12-25T19:59:22.296Z", "user": 1, "content_type": 11, "object_id": "9", "object_repr": "\u041a\u0430\u043a \u0441\u043e\u0437\u0434\u0430\u0442\u044c \u0441\u0442\u0430\u0440\u0442\u0430\u043f \u0432 \u041a\u0430\u0437\u0430\u0445\u0441\u0442\u0430\u043d\u0435?", "action_flag": 2, "change_message": "[{\"changed\": {\"fields\": [\"Image\"]}}]"}}, {"model": "admin.logentry", "pk": 272, "fields": {"action_time": "2020-12-25T20:03:08.353Z", "user": 1, "content_type": 12, "object_id": "8", "object_repr": "\u041c\u0435\u043d\u0442\u0430\u043b\u044c\u043d\u043e\u0435 \u0437\u0434\u043e\u0440\u043e\u0432\u044c\u0435", "action_flag": 1, "change_message": "[{\"added\": {}}]"}}, {"model": "admin.logentry", "pk": 273, "fields": {"action_time": "2020-12-25T20:05:27.314Z", "user": 1, "content_type": 11, "object_id": "10", "object_repr": "\u041f\u043e\u0438\u0441\u043a \u043c\u043e\u0442\u0438\u0432\u0430\u0446\u0438\u0438", "action_flag": 1, "change_message": "[{\"added\": {}}]"}}, {"model": "admin.logentry", "pk": 274, "fields": {"action_time": "2020-12-25T20:51:48.937Z", "user": 1, "content_type": 11, "object_id": "11", "object_repr": "\u041a\u0430\u043a \u043d\u0430\u0447\u0430\u0442\u044c \u043f\u0443\u0442\u0435\u0448\u0435\u0441\u0442\u0432\u043e\u0432\u0430\u0442\u044c?", "action_flag": 1, "change_message": "[{\"added\": {}}]"}}, {"model": "admin.logentry", "pk": 275, "fields": {"action_time": "2020-12-26T18:28:19.047Z", "user": 1, "content_type": 7, "object_id": "20", "object_repr": "sanzhik Profile", "action_flag": 2, "change_message": "[{\"changed\": {\"fields\": [\"image\", \"Investment\"]}}]"}}, {"model": "admin.logentry", "pk": 276, "fields": {"action_time": "2020-12-26T18:37:24.657Z", "user": 1, "content_type": 14, "object_id": "12", "object_repr": "Erasyl", "action_flag": 2, "change_message": "[{\"changed\": {\"fields\": [\"\\u041f\\u0440\\u043e\\u0432\\u0435\\u0440\\u0435\\u043d\\u043e\"]}}]"}}, {"model": "admin.logentry", "pk": 277, "fields": {"action_time": "2020-12-26T18:38:06.313Z", "user": 1, "content_type": 14, "object_id": "12", "object_repr": "Erasyl", "action_flag": 2, "change_message": "[{\"changed\": {\"fields\": [\"Image\", \"Genre\"]}}]"}}, {"model": "admin.logentry", "pk": 278, "fields": {"action_time": "2020-12-27T10:17:16.065Z", "user": 1, "content_type": 7, "object_id": "2", "object_repr": "Admin Profile", "action_flag": 2, "change_message": "[{\"changed\": {\"fields\": [\"Images\"]}}]"}}, {"model": "admin.logentry", "pk": 279, "fields": {"action_time": "2020-12-27T12:50:47.013Z", "user": 1, "content_type": 4, "object_id": "28", "object_repr": "User", "action_flag": 3, "change_message": ""}}, {"model": "admin.logentry", "pk": 280, "fields": {"action_time": "2020-12-27T12:50:47.016Z", "user": 1, "content_type": 4, "object_id": "27", "object_repr": "sanzhik", "action_flag": 3, "change_message": ""}}, {"model": "admin.logentry", "pk": 281, "fields": {"action_time": "2020-12-27T12:55:28.903Z", "user": 1, "content_type": 4, "object_id": "29", "object_repr": "user", "action_flag": 3, "change_message": ""}}, {"model": "admin.logentry", "pk": 282, "fields": {"action_time": "2020-12-27T15:29:51.272Z", "user": 1, "content_type": 14, "object_id": "13", "object_repr": "Historical fiction", "action_flag": 3, "change_message": ""}}, {"model": "admin.logentry", "pk": 283, "fields": {"action_time": "2020-12-27T15:37:15.221Z", "user": 1, "content_type": 14, "object_id": "14", "object_repr": "First post", "action_flag": 3, "change_message": ""}}, {"model": "admin.logentry", "pk": 284, "fields": {"action_time": "2020-12-27T15:38:01.817Z", "user": 1, "content_type": 14, "object_id": "15", "object_repr": "Historical fiction", "action_flag": 3, "change_message": ""}}, {"model": "admin.logentry", "pk": 285, "fields": {"action_time": "2020-12-27T15:39:34.834Z", "user": 1, "content_type": 14, "object_id": "16", "object_repr": "Drama", "action_flag": 2, "change_message": "[{\"changed\": {\"fields\": [\"\\u041f\\u0440\\u043e\\u0432\\u0435\\u0440\\u0435\\u043d\\u043e\"]}}]"}}, {"model": "admin.logentry", "pk": 286, "fields": {"action_time": "2020-12-28T07:41:41.246Z", "user": 1, "content_type": 11, "object_id": "1", "object_repr": "\u041a\u0430\u043a \u0431\u044b\u0442\u044c \u044d\u043a\u043e-\u0444\u0440\u0435\u043d\u0434\u043b\u0438?", "action_flag": 2, "change_message": "[{\"changed\": {\"fields\": [\"Podcast\"]}}]"}}, {"model": "admin.logentry", "pk": 287, "fields": {"action_time": "2020-12-28T10:18:01.121Z", "user": 1, "content_type": 11, "object_id": "1", "object_repr": "\u041a\u0430\u043a \u0431\u044b\u0442\u044c \u044d\u043a\u043e-\u0444\u0440\u0435\u043d\u0434\u043b\u0438?", "action_flag": 2, "change_message": "[{\"changed\": {\"fields\": [\"Image\"]}}]"}}, {"model": "admin.logentry", "pk": 288, "fields": {"action_time": "2020-12-28T10:20:09.755Z", "user": 1, "content_type": 11, "object_id": "1", "object_repr": "\u041a\u0430\u043a \u0431\u044b\u0442\u044c \u044d\u043a\u043e-\u0444\u0440\u0435\u043d\u0434\u043b\u0438?", "action_flag": 2, "change_message": "[{\"changed\": {\"fields\": [\"Image\"]}}]"}}, {"model": "admin.logentry", "pk": 289, "fields": {"action_time": "2020-12-28T10:56:42.185Z", "user": 1, "content_type": 11, "object_id": "1", "object_repr": "\u041a\u0430\u043a \u0431\u044b\u0442\u044c \u044d\u043a\u043e-\u0444\u0440\u0435\u043d\u0434\u043b\u0438?", "action_flag": 2, "change_message": "[{\"changed\": {\"fields\": [\"Podcast\"]}}]"}}, {"model": "admin.logentry", "pk": 290, "fields": {"action_time": "2020-12-28T11:28:18.887Z", "user": 1, "content_type": 11, "object_id": "1", "object_repr": "\u041a\u0430\u043a \u0431\u044b\u0442\u044c \u044d\u043a\u043e-\u0444\u0440\u0435\u043d\u0434\u043b\u0438?", "action_flag": 2, "change_message": "[{\"changed\": {\"fields\": [\"Podcast\"]}}]"}}, {"model": "admin.logentry", "pk": 291, "fields": {"action_time": "2020-12-28T12:21:27.719Z", "user": 1, "content_type": 11, "object_id": "2", "object_repr": "\u0422\u0432\u043e\u0440\u0447\u0435\u0441\u0442\u0432\u043e \u0432 \u041a\u0430\u0437\u0430\u0445\u0441\u0442\u0430\u043d\u0435", "action_flag": 2, "change_message": "[{\"changed\": {\"fields\": [\"Podcast\"]}}]"}}, {"model": "admin.logentry", "pk": 292, "fields": {"action_time": "2020-12-28T12:26:19.289Z", "user": 1, "content_type": 11, "object_id": "11", "object_repr": "\u041a\u0430\u043a \u043d\u0430\u0447\u0430\u0442\u044c \u043f\u0443\u0442\u0435\u0448\u0435\u0441\u0442\u0432\u043e\u0432\u0430\u0442\u044c?", "action_flag": 2, "change_message": "[{\"changed\": {\"fields\": [\"Podcast\"]}}]"}}, {"model": "admin.logentry", "pk": 293, "fields": {"action_time": "2020-12-28T12:35:04.268Z", "user": 1, "content_type": 11, "object_id": "9", "object_repr": "\u041a\u0430\u043a \u0441\u043e\u0437\u0434\u0430\u0442\u044c \u0441\u0442\u0430\u0440\u0442\u0430\u043f \u0432 \u041a\u0430\u0437\u0430\u0445\u0441\u0442\u0430\u043d\u0435?", "action_flag": 2, "change_message": "[{\"changed\": {\"fields\": [\"Podcast\"]}}]"}}, {"model": "admin.logentry", "pk": 294, "fields": {"action_time": "2020-12-28T12:35:42.757Z", "user": 1, "content_type": 11, "object_id": "10", "object_repr": "\u041f\u043e\u0438\u0441\u043a \u043c\u043e\u0442\u0438\u0432\u0430\u0446\u0438\u0438", "action_flag": 2, "change_message": "[{\"changed\": {\"fields\": [\"Podcast\"]}}]"}}]